{
  "project_info": {
    "project_number": "1038194115880",
    "project_id": "canteen-app-9058a",
    "storage_bucket": "canteen-app-9058a.appspot.com"
  },
  "client": [
    {
      "client_info": {
        "mobilesdk_app_id": "1:1038194115880:android:43c1e2597fab3c9d8bfc1d",
        "android_client_info": {
          "package_name": "com.chicmic.chicmic_canteen"
        }
      },
      "oauth_client": [
        {
          "client_id": "1038194115880-peqgkj8dtt4iqnc16qjtu4j74vqf2jbc.apps.googleusercontent.com",
          "client_type": 3
        }
      ],
      "api_key": [
        {
          "current_key": "AIzaSyCtO9p-yLPFX7DMhletfkuWFoK2xeFD5Yw"
        }
      ],
      "services": {
        "appinvite_service": {
          "other_platform_oauth_client": [
            {
              "client_id": "1038194115880-peqgkj8dtt4iqnc16qjtu4j74vqf2jbc.apps.googleusercontent.com",
              "client_type": 3
            },
            {
              "client_id": "1038194115880-6e184uic7dmj21nduuu9528diu70d1ud.apps.googleusercontent.com",
              "client_type": 2,
              "ios_info": {
                "bundle_id": "com.example.canteenUserTest"
              }
            }
          ]
        }
      }
    },
    {
      "client_info": {
        "mobilesdk_app_id": "1:1038194115880:android:897e42c22e4858f58bfc1d",
        "android_client_info": {
          "package_name": "com.example.canteen_user"
        }
      },
      "oauth_client": [
        {
          "client_id": "1038194115880-peqgkj8dtt4iqnc16qjtu4j74vqf2jbc.apps.googleusercontent.com",
          "client_type": 3
        }
      ],
      "api_key": [
        {
          "current_key": "AIzaSyCtO9p-yLPFX7DMhletfkuWFoK2xeFD5Yw"
        }
      ],
      "services": {
        "appinvite_service": {
          "other_platform_oauth_client": [
            {
              "client_id": "1038194115880-peqgkj8dtt4iqnc16qjtu4j74vqf2jbc.apps.googleusercontent.com",
              "client_type": 3
            },
            {
              "client_id": "1038194115880-6e184uic7dmj21nduuu9528diu70d1ud.apps.googleusercontent.com",
              "client_type": 2,
              "ios_info": {
                "bundle_id": "com.example.canteenUserTest"
              }
            }
          ]
        }
      }
    }
  ],
  "configuration_version": "1"
}