{"v":"5.7.8","fr":29.9700012207031,"ip":0,"op":149.000006068894,"w":264,"h":185,"nm":"Makanan","ddd":0,"assets":[],"layers":[{"ddd":0,"ind":1,"ty":4,"nm":"minuman Outlines","sr":1,"ks":{"o":{"a":0,"k":100},"r":{"a":0,"k":0},"p":{"k":[{"s":[45.15,42.926,0],"t":0,"i":{"x":1,"y":1},"o":{"x":0,"y":0}},{"s":[45.397,42.803,0],"t":1,"i":{"x":1,"y":1},"o":{"x":0,"y":0}},{"s":[45.629,42.69,0],"t":2,"i":{"x":1,"y":1},"o":{"x":0,"y":0}},{"s":[45.839,42.589,0],"t":3,"i":{"x":1,"y":1},"o":{"x":0,"y":0}},{"s":[46.021,42.503,0],"t":4,"i":{"x":1,"y":1},"o":{"x":0,"y":0}},{"s":[46.167,42.434,0],"t":5,"i":{"x":1,"y":1},"o":{"x":0,"y":0}},{"s":[46.27,42.386,0],"t":6,"i":{"x":1,"y":1},"o":{"x":0,"y":0}},{"s":[46.321,42.363,0],"t":7,"i":{"x":1,"y":1},"o":{"x":0,"y":0}},{"s":[46.33,42.385,0],"t":10,"i":{"x":1,"y":1},"o":{"x":0,"y":0}},{"s":[46.317,42.414,0],"t":11,"i":{"x":1,"y":1},"o":{"x":0,"y":0}},{"s":[46.297,42.453,0],"t":12,"i":{"x":1,"y":1},"o":{"x":0,"y":0}},{"s":[46.268,42.503,0],"t":13,"i":{"x":1,"y":1},"o":{"x":0,"y":0}},{"s":[46.233,42.564,0],"t":14,"i":{"x":1,"y":1},"o":{"x":0,"y":0}},{"s":[46.191,42.634,0],"t":15,"i":{"x":1,"y":1},"o":{"x":0,"y":0}},{"s":[46.142,42.715,0],"t":16,"i":{"x":1,"y":1},"o":{"x":0,"y":0}},{"s":[46.087,42.804,0],"t":17,"i":{"x":1,"y":1},"o":{"x":0,"y":0}},{"s":[46.027,42.902,0],"t":18,"i":{"x":1,"y":1},"o":{"x":0,"y":0}},{"s":[45.961,43.009,0],"t":19,"i":{"x":1,"y":1},"o":{"x":0,"y":0}},{"s":[45.891,43.123,0],"t":20,"i":{"x":1,"y":1},"o":{"x":0,"y":0}},{"s":[45.816,43.243,0],"t":21,"i":{"x":1,"y":1},"o":{"x":0,"y":0}},{"s":[45.738,43.369,0],"t":22,"i":{"x":1,"y":1},"o":{"x":0,"y":0}},{"s":[45.657,43.501,0],"t":23,"i":{"x":1,"y":1},"o":{"x":0,"y":0}},{"s":[45.574,43.636,0],"t":24,"i":{"x":1,"y":1},"o":{"x":0,"y":0}},{"s":[45.49,43.773,0],"t":25,"i":{"x":1,"y":1},"o":{"x":0,"y":0}},{"s":[45.406,43.913,0],"t":26,"i":{"x":1,"y":1},"o":{"x":0,"y":0}},{"s":[45.322,44.052,0],"t":27,"i":{"x":1,"y":1},"o":{"x":0,"y":0}},{"s":[45.239,44.191,0],"t":28,"i":{"x":1,"y":1},"o":{"x":0,"y":0}},{"s":[45.159,44.326,0],"t":29,"i":{"x":1,"y":1},"o":{"x":0,"y":0}},{"s":[45.082,44.458,0],"t":30,"i":{"x":1,"y":1},"o":{"x":0,"y":0}},{"s":[45.01,44.584,0],"t":31,"i":{"x":1,"y":1},"o":{"x":0,"y":0}},{"s":[44.943,44.702,0],"t":32,"i":{"x":1,"y":1},"o":{"x":0,"y":0}},{"s":[44.882,44.811,0],"t":33,"i":{"x":1,"y":1},"o":{"x":0,"y":0}},{"s":[44.83,44.91,0],"t":34,"i":{"x":1,"y":1},"o":{"x":0,"y":0}},{"s":[44.786,44.995,0],"t":35,"i":{"x":1,"y":1},"o":{"x":0,"y":0}},{"s":[44.754,45.064,0],"t":36,"i":{"x":1,"y":1},"o":{"x":0,"y":0}},{"s":[44.733,45.117,0],"t":37,"i":{"x":1,"y":1},"o":{"x":0,"y":0}},{"s":[44.725,45.159,0],"t":38,"i":{"x":1,"y":1},"o":{"x":0,"y":0}},{"s":[44.731,45.202,0],"t":39,"i":{"x":1,"y":1},"o":{"x":0,"y":0}},{"s":[44.749,45.244,0],"t":40,"i":{"x":1,"y":1},"o":{"x":0,"y":0}},{"s":[44.778,45.283,0],"t":41,"i":{"x":1,"y":1},"o":{"x":0,"y":0}},{"s":[44.814,45.318,0],"t":42,"i":{"x":1,"y":1},"o":{"x":0,"y":0}},{"s":[44.858,45.346,0],"t":43,"i":{"x":1,"y":1},"o":{"x":0,"y":0}},{"s":[44.907,45.367,0],"t":44,"i":{"x":1,"y":1},"o":{"x":0,"y":0}},{"s":[44.959,45.379,0],"t":45,"i":{"x":1,"y":1},"o":{"x":0,"y":0}},{"s":[45.015,45.381,0],"t":46,"i":{"x":1,"y":1},"o":{"x":0,"y":0}},{"s":[45.072,45.373,0],"t":47,"i":{"x":1,"y":1},"o":{"x":0,"y":0}},{"s":[45.129,45.354,0],"t":48,"i":{"x":1,"y":1},"o":{"x":0,"y":0}},{"s":[45.185,45.323,0],"t":49,"i":{"x":1,"y":1},"o":{"x":0,"y":0}},{"s":[45.239,45.281,0],"t":50,"i":{"x":1,"y":1},"o":{"x":0,"y":0}},{"s":[45.29,45.227,0],"t":51,"i":{"x":1,"y":1},"o":{"x":0,"y":0}},{"s":[45.337,45.161,0],"t":52,"i":{"x":1,"y":1},"o":{"x":0,"y":0}},{"s":[45.38,45.085,0],"t":53,"i":{"x":1,"y":1},"o":{"x":0,"y":0}},{"s":[45.418,44.997,0],"t":54,"i":{"x":1,"y":1},"o":{"x":0,"y":0}},{"s":[45.45,44.901,0],"t":55,"i":{"x":1,"y":1},"o":{"x":0,"y":0}},{"s":[45.476,44.795,0],"t":56,"i":{"x":1,"y":1},"o":{"x":0,"y":0}},{"s":[45.495,44.683,0],"t":57,"i":{"x":1,"y":1},"o":{"x":0,"y":0}},{"s":[45.506,44.564,0],"t":58,"i":{"x":1,"y":1},"o":{"x":0,"y":0}},{"s":[45.511,44.44,0],"t":59,"i":{"x":1,"y":1},"o":{"x":0,"y":0}},{"s":[45.507,44.314,0],"t":60,"i":{"x":1,"y":1},"o":{"x":0,"y":0}},{"s":[45.496,44.187,0],"t":61,"i":{"x":1,"y":1},"o":{"x":0,"y":0}},{"s":[45.478,44.061,0],"t":62,"i":{"x":1,"y":1},"o":{"x":0,"y":0}},{"s":[45.451,43.939,0],"t":63,"i":{"x":1,"y":1},"o":{"x":0,"y":0}},{"s":[45.417,43.823,0],"t":64,"i":{"x":1,"y":1},"o":{"x":0,"y":0}},{"s":[45.376,43.716,0],"t":65,"i":{"x":1,"y":1},"o":{"x":0,"y":0}},{"s":[45.328,43.621,0],"t":66,"i":{"x":1,"y":1},"o":{"x":0,"y":0}},{"s":[45.273,43.542,0],"t":67,"i":{"x":1,"y":1},"o":{"x":0,"y":0}},{"s":[45.217,43.483,0],"t":68,"i":{"x":1,"y":1},"o":{"x":0,"y":0}},{"s":[45.168,43.452,0],"t":69,"i":{"x":1,"y":1},"o":{"x":0,"y":0}},{"s":[45.126,43.448,0],"t":70,"i":{"x":1,"y":1},"o":{"x":0,"y":0}},{"s":[45.093,43.474,0],"t":71,"i":{"x":1,"y":1},"o":{"x":0,"y":0}},{"s":[45.066,43.528,0],"t":72,"i":{"x":1,"y":1},"o":{"x":0,"y":0}},{"s":[45.048,43.612,0],"t":73,"i":{"x":1,"y":1},"o":{"x":0,"y":0}},{"s":[45.038,43.724,0],"t":74,"i":{"x":1,"y":1},"o":{"x":0,"y":0}},{"s":[45.035,43.865,0],"t":75,"i":{"x":1,"y":1},"o":{"x":0,"y":0}},{"s":[45.04,44.034,0],"t":76,"i":{"x":1,"y":1},"o":{"x":0,"y":0}},{"s":[45.053,44.23,0],"t":77,"i":{"x":1,"y":1},"o":{"x":0,"y":0}},{"s":[45.072,44.451,0],"t":78,"i":{"x":1,"y":1},"o":{"x":0,"y":0}},{"s":[45.098,44.697,0],"t":79,"i":{"x":1,"y":1},"o":{"x":0,"y":0}},{"s":[45.13,44.964,0],"t":80,"i":{"x":1,"y":1},"o":{"x":0,"y":0}},{"s":[45.168,45.252,0],"t":81,"i":{"x":1,"y":1},"o":{"x":0,"y":0}},{"s":[45.21,45.558,0],"t":82,"i":{"x":1,"y":1},"o":{"x":0,"y":0}},{"s":[45.258,45.879,0],"t":83,"i":{"x":1,"y":1},"o":{"x":0,"y":0}},{"s":[45.308,46.213,0],"t":84,"i":{"x":1,"y":1},"o":{"x":0,"y":0}},{"s":[45.361,46.556,0],"t":85,"i":{"x":1,"y":1},"o":{"x":0,"y":0}},{"s":[45.416,46.904,0],"t":86,"i":{"x":1,"y":1},"o":{"x":0,"y":0}},{"s":[45.472,47.256,0],"t":87,"i":{"x":1,"y":1},"o":{"x":0,"y":0}},{"s":[45.528,47.605,0],"t":88,"i":{"x":1,"y":1},"o":{"x":0,"y":0}},{"s":[45.582,47.948,0],"t":89,"i":{"x":1,"y":1},"o":{"x":0,"y":0}},{"s":[45.633,48.281,0],"t":90,"i":{"x":1,"y":1},"o":{"x":0,"y":0}},{"s":[45.68,48.599,0],"t":91,"i":{"x":1,"y":1},"o":{"x":0,"y":0}},{"s":[45.722,48.897,0],"t":92,"i":{"x":1,"y":1},"o":{"x":0,"y":0}},{"s":[45.758,49.169,0],"t":93,"i":{"x":1,"y":1},"o":{"x":0,"y":0}},{"s":[45.784,49.411,0],"t":94,"i":{"x":1,"y":1},"o":{"x":0,"y":0}},{"s":[45.801,49.615,0],"t":95,"i":{"x":1,"y":1},"o":{"x":0,"y":0}},{"s":[45.807,49.777,0],"t":96,"i":{"x":1,"y":1},"o":{"x":0,"y":0}},{"s":[45.799,49.889,0],"t":97,"i":{"x":1,"y":1},"o":{"x":0,"y":0}},{"s":[45.787,49.946,0],"t":98,"i":{"x":1,"y":1},"o":{"x":0,"y":0}},{"s":[45.796,49.907,0],"t":100,"i":{"x":1,"y":1},"o":{"x":0,"y":0}},{"s":[45.813,49.819,0],"t":101,"i":{"x":1,"y":1},"o":{"x":0,"y":0}},{"s":[45.837,49.69,0],"t":102,"i":{"x":1,"y":1},"o":{"x":0,"y":0}},{"s":[45.866,49.525,0],"t":103,"i":{"x":1,"y":1},"o":{"x":0,"y":0}},{"s":[45.899,49.328,0],"t":104,"i":{"x":1,"y":1},"o":{"x":0,"y":0}},{"s":[45.935,49.103,0],"t":105,"i":{"x":1,"y":1},"o":{"x":0,"y":0}},{"s":[45.973,48.854,0],"t":106,"i":{"x":1,"y":1},"o":{"x":0,"y":0}},{"s":[46.012,48.585,0],"t":107,"i":{"x":1,"y":1},"o":{"x":0,"y":0}},{"s":[46.051,48.3,0],"t":108,"i":{"x":1,"y":1},"o":{"x":0,"y":0}},{"s":[46.089,48.002,0],"t":109,"i":{"x":1,"y":1},"o":{"x":0,"y":0}},{"s":[46.125,47.696,0],"t":110,"i":{"x":1,"y":1},"o":{"x":0,"y":0}},{"s":[46.159,47.385,0],"t":111,"i":{"x":1,"y":1},"o":{"x":0,"y":0}},{"s":[46.19,47.072,0],"t":112,"i":{"x":1,"y":1},"o":{"x":0,"y":0}},{"s":[46.217,46.763,0],"t":113,"i":{"x":1,"y":1},"o":{"x":0,"y":0}},{"s":[46.239,46.459,0],"t":114,"i":{"x":1,"y":1},"o":{"x":0,"y":0}},{"s":[46.257,46.165,0],"t":115,"i":{"x":1,"y":1},"o":{"x":0,"y":0}},{"s":[46.27,45.885,0],"t":116,"i":{"x":1,"y":1},"o":{"x":0,"y":0}},{"s":[46.277,45.621,0],"t":117,"i":{"x":1,"y":1},"o":{"x":0,"y":0}},{"s":[46.279,45.377,0],"t":118,"i":{"x":1,"y":1},"o":{"x":0,"y":0}},{"s":[46.274,45.156,0],"t":119,"i":{"x":1,"y":1},"o":{"x":0,"y":0}},{"s":[46.264,44.962,0],"t":120,"i":{"x":1,"y":1},"o":{"x":0,"y":0}},{"s":[46.247,44.798,0],"t":121,"i":{"x":1,"y":1},"o":{"x":0,"y":0}},{"s":[46.224,44.668,0],"t":122,"i":{"x":1,"y":1},"o":{"x":0,"y":0}},{"s":[46.195,44.573,0],"t":123,"i":{"x":1,"y":1},"o":{"x":0,"y":0}},{"s":[46.16,44.518,0],"t":124,"i":{"x":1,"y":1},"o":{"x":0,"y":0}},{"s":[46.119,44.506,0],"t":125,"i":{"x":1,"y":1},"o":{"x":0,"y":0}},{"s":[46.073,44.539,0],"t":126,"i":{"x":1,"y":1},"o":{"x":0,"y":0}},{"s":[46.021,44.621,0],"t":127,"i":{"x":1,"y":1},"o":{"x":0,"y":0}},{"s":[45.941,44.723,0],"t":128,"i":{"x":1,"y":1},"o":{"x":0,"y":0}},{"s":[45.808,44.811,0],"t":129,"i":{"x":1,"y":1},"o":{"x":0,"y":0}},{"s":[45.631,44.886,0],"t":130,"i":{"x":1,"y":1},"o":{"x":0,"y":0}},{"s":[45.416,44.95,0],"t":131,"i":{"x":1,"y":1},"o":{"x":0,"y":0}},{"s":[45.169,45.004,0],"t":132,"i":{"x":1,"y":1},"o":{"x":0,"y":0}},{"s":[44.896,45.05,0],"t":133,"i":{"x":1,"y":1},"o":{"x":0,"y":0}},{"s":[44.603,45.088,0],"t":134,"i":{"x":1,"y":1},"o":{"x":0,"y":0}},{"s":[44.295,45.12,0],"t":135,"i":{"x":1,"y":1},"o":{"x":0,"y":0}},{"s":[43.978,45.147,0],"t":136,"i":{"x":1,"y":1},"o":{"x":0,"y":0}},{"s":[43.657,45.17,0],"t":137,"i":{"x":1,"y":1},"o":{"x":0,"y":0}},{"s":[43.336,45.19,0],"t":138,"i":{"x":1,"y":1},"o":{"x":0,"y":0}},{"s":[43.018,45.208,0],"t":139,"i":{"x":1,"y":1},"o":{"x":0,"y":0}},{"s":[42.708,45.225,0],"t":140,"i":{"x":1,"y":1},"o":{"x":0,"y":0}},{"s":[42.41,45.243,0],"t":141,"i":{"x":1,"y":1},"o":{"x":0,"y":0}},{"s":[42.127,45.261,0],"t":142,"i":{"x":1,"y":1},"o":{"x":0,"y":0}},{"s":[41.861,45.282,0],"t":143,"i":{"x":1,"y":1},"o":{"x":0,"y":0}},{"s":[41.616,45.305,0],"t":144,"i":{"x":1,"y":1},"o":{"x":0,"y":0}},{"s":[41.393,45.332,0],"t":145,"i":{"x":1,"y":1},"o":{"x":0,"y":0}},{"s":[41.195,45.364,0],"t":146,"i":{"x":1,"y":1},"o":{"x":0,"y":0}},{"s":[41.022,45.401,0],"t":147,"i":{"x":1,"y":1},"o":{"x":0,"y":0}},{"s":[40.877,45.444,0],"t":148,"i":{"x":1,"y":1},"o":{"x":0,"y":0}},{"s":[40.761,45.493,0],"t":149,"i":{"x":1,"y":1},"o":{"x":0,"y":0}}]},"a":{"a":0,"k":[15.176,26.389,0]},"s":{"a":1,"k":[{"i":{"x":[0.39,0.39,0.667],"y":[1,1,1]},"o":{"x":[0.388,0.388,0.333],"y":[0,0,0]},"t":54,"s":[0,0,100]},{"t":72.0000029326201,"s":[74,74,100]}]}},"ao":0,"shapes":[{"ty":"gr","it":[{"ind":0,"ty":"sh","ks":{"a":0,"k":{"i":[[0,0],[-2.613,0],[0,0],[-0.251,-2.546]],"o":[[0.251,-2.546],[0,0],[2.612,0],[0,0]],"v":[[-12.208,2.268],[-7.197,-2.268],[7.197,-2.268],[12.208,2.268]],"c":true}},"nm":"Path 1","hd":false},{"ty":"st","c":{"a":0,"k":[0.400000029919,0.400000029919,0.400000029919,1]},"o":{"a":0,"k":100},"w":{"a":0,"k":1},"lc":1,"lj":1,"ml":4,"bm":0,"nm":"Stroke 1","hd":false},{"ty":"tr","p":{"a":0,"k":[14.047,13.937]},"a":{"a":0,"k":[0,0]},"s":{"a":0,"k":[100,100]},"r":{"a":0,"k":0},"o":{"a":0,"k":100},"sk":{"a":0,"k":0},"sa":{"a":0,"k":0},"nm":"Transform"}],"nm":"Group 1","bm":0,"hd":false},{"ty":"gr","it":[{"ind":0,"ty":"sh","ks":{"a":0,"k":{"i":[[0,0],[0,0],[0,0],[0,0]],"o":[[0,0],[0,0],[0,0],[0,0]],"v":[[-9.217,15.554],[-11.094,-15.554],[11.094,-15.554],[9.217,15.554]],"c":true}},"nm":"Path 1","hd":false},{"ty":"st","c":{"a":0,"k":[0.400000029919,0.400000029919,0.400000029919,1]},"o":{"a":0,"k":100},"w":{"a":0,"k":1},"lc":1,"lj":1,"ml":4,"bm":0,"nm":"Stroke 1","hd":false},{"ty":"tr","p":{"a":0,"k":[14.047,36.224]},"a":{"a":0,"k":[0,0]},"s":{"a":0,"k":[100,100]},"r":{"a":0,"k":0},"o":{"a":0,"k":100},"sk":{"a":0,"k":0},"sa":{"a":0,"k":0},"nm":"Transform"}],"nm":"Group 2","bm":0,"hd":false},{"ty":"gr","it":[{"ind":0,"ty":"sh","ks":{"a":0,"k":{"i":[[0,0],[0,0],[0,0],[0,0]],"o":[[0,0],[0,0],[0,0],[0,0]],"v":[[10.785,-4.43],[10.275,4.43],[-10.785,4.43],[-10.785,-4.43]],"c":true}},"nm":"Path 1","hd":false},{"ty":"fl","c":{"a":0,"k":[1,1,1,1]},"o":{"a":0,"k":100},"r":1,"bm":0,"nm":"Fill 1","hd":false},{"ty":"tr","p":{"a":0,"k":[15.423,34.572]},"a":{"a":0,"k":[0,0]},"s":{"a":0,"k":[100,100]},"r":{"a":0,"k":0},"o":{"a":0,"k":100},"sk":{"a":0,"k":0},"sa":{"a":0,"k":0},"nm":"Transform"}],"nm":"Group 3","bm":0,"hd":false},{"ty":"gr","it":[{"ind":0,"ty":"sh","ks":{"a":0,"k":{"i":[[0,0],[0,0],[0,0],[0,0]],"o":[[0,0],[0,0],[0,0],[0,0]],"v":[[-2.268,-5.59],[2.268,-5.59],[2.268,5.59],[-2.268,5.59]],"c":true}},"nm":"Path 1","hd":false},{"ty":"st","c":{"a":0,"k":[0.400000029919,0.400000029919,0.400000029919,1]},"o":{"a":0,"k":100},"w":{"a":0,"k":1},"lc":1,"lj":1,"ml":4,"bm":0,"nm":"Stroke 1","hd":false},{"ty":"tr","p":{"a":0,"k":[14.046,6.34]},"a":{"a":0,"k":[0,0]},"s":{"a":0,"k":[100,100]},"r":{"a":0,"k":0},"o":{"a":0,"k":100},"sk":{"a":0,"k":0},"sa":{"a":0,"k":0},"nm":"Transform"}],"nm":"Group 4","bm":0,"hd":false},{"ty":"gr","it":[{"ind":0,"ty":"sh","ks":{"a":0,"k":{"i":[[0,0],[0,0],[0,0],[0,0]],"o":[[0,0],[0,0],[0,0],[0,0]],"v":[[-2.215,-6.09],[2.215,-6.09],[2.215,6.09],[-2.215,6.09]],"c":true}},"nm":"Path 1","hd":false},{"ty":"fl","c":{"a":0,"k":[1,0.898039275525,0.741176470588,1]},"o":{"a":0,"k":100},"r":1,"bm":0,"nm":"Fill 1","hd":false},{"ty":"tr","p":{"a":0,"k":[15.708,6.34]},"a":{"a":0,"k":[0,0]},"s":{"a":0,"k":[100,100]},"r":{"a":0,"k":0},"o":{"a":0,"k":100},"sk":{"a":0,"k":0},"sa":{"a":0,"k":0},"nm":"Transform"}],"nm":"Group 5","bm":0,"hd":false},{"ty":"gr","it":[{"ind":0,"ty":"sh","ks":{"a":0,"k":{"i":[[0,0],[0,0],[0,0],[0,0]],"o":[[0,0],[0,0],[0,0],[0,0]],"v":[[-13.34,-2.268],[13.34,-2.268],[13.34,2.268],[-13.34,2.268]],"c":true}},"nm":"Path 1","hd":false},{"ty":"st","c":{"a":0,"k":[0.400000029919,0.400000029919,0.400000029919,1]},"o":{"a":0,"k":100},"w":{"a":0,"k":1},"lc":1,"lj":1,"ml":4,"bm":0,"nm":"Stroke 1","hd":false},{"ty":"tr","p":{"a":0,"k":[14.047,18.519]},"a":{"a":0,"k":[0,0]},"s":{"a":0,"k":[100,100]},"r":{"a":0,"k":0},"o":{"a":0,"k":100},"sk":{"a":0,"k":0},"sa":{"a":0,"k":0},"nm":"Transform"}],"nm":"Group 6","bm":0,"hd":false},{"ty":"gr","it":[{"ind":0,"ty":"sh","ks":{"a":0,"k":{"i":[[0,0],[0,0],[0,0],[0,0]],"o":[[0,0],[0,0],[0,0],[0,0]],"v":[[-13.84,-2.768],[13.84,-2.768],[13.84,2.768],[-13.84,2.768]],"c":true}},"nm":"Path 1","hd":false},{"ty":"fl","c":{"a":0,"k":[0.952941236309,0.952941236309,0.952941236309,1]},"o":{"a":0,"k":100},"r":1,"bm":0,"nm":"Fill 1","hd":false},{"ty":"tr","p":{"a":0,"k":[16.261,18.519]},"a":{"a":0,"k":[0,0]},"s":{"a":0,"k":[100,100]},"r":{"a":0,"k":0},"o":{"a":0,"k":100},"sk":{"a":0,"k":0},"sa":{"a":0,"k":0},"nm":"Transform"}],"nm":"Group 7","bm":0,"hd":false},{"ty":"gr","it":[{"ind":0,"ty":"sh","ks":{"a":0,"k":{"i":[[0,0],[0,0],[0,0],[0,0],[0,0],[0,0],[0,0],[0,0],[0,0],[0,0],[0,0],[0,0],[0,0],[0,0]],"o":[[0,0],[0,0],[0,0],[0,0],[0,0],[0,0],[0,0],[0,0],[0,0],[0,0],[0,0],[0,0],[0,0],[0,0]],"v":[[11.07,-16.055],[11.04,-15.445],[11.01,-14.945],[10.5,-6.095],[9.99,2.765],[9.23,16.055],[-9.23,16.055],[-9.26,15.545],[-9.99,2.765],[-10.5,-6.095],[-11.01,-14.945],[-11.04,-15.445],[-11.04,-15.565],[-11.07,-16.055]],"c":true}},"nm":"Path 1","hd":false},{"ty":"fl","c":{"a":0,"k":[0.980392216701,0.560784313725,0.560784313725,1]},"o":{"a":0,"k":100},"r":1,"bm":0,"nm":"Fill 1","hd":false},{"ty":"tr","p":{"a":0,"k":[15.708,36.237]},"a":{"a":0,"k":[0,0]},"s":{"a":0,"k":[100,100]},"r":{"a":0,"k":0},"o":{"a":0,"k":100},"sk":{"a":0,"k":0},"sa":{"a":0,"k":0},"nm":"Transform"}],"nm":"Group 8","bm":0,"hd":false}],"ip":0,"op":149.000006068894,"st":0,"bm":0},{"ddd":0,"ind":2,"ty":4,"nm":"mulut senyum Outlines","parent":8,"sr":1,"ks":{"o":{"a":0,"k":100},"r":{"a":0,"k":3},"p":{"a":0,"k":[40.796,58.179,0]},"a":{"a":0,"k":[9.211,5.105,0]},"s":{"a":1,"k":[{"i":{"x":[0.427,0.667,0.667],"y":[1,1,1]},"o":{"x":[0.333,0.333,0.333],"y":[0,0,0]},"t":0,"s":[100,30,100]},{"i":{"x":[0.313,0.667,0.667],"y":[1,1,1]},"o":{"x":[0.333,0.333,0.333],"y":[0,0,0]},"t":31,"s":[100,30,100]},{"t":52.0000021180034,"s":[100,100,100]}]}},"ao":0,"shapes":[{"ty":"gr","it":[{"ind":0,"ty":"sh","ks":{"a":0,"k":{"i":[[0,0],[0.412,-0.996],[0.762,-0.763],[0.996,-0.413],[1.078,0],[0.996,0.413],[0.762,0.762],[0.413,0.997],[0,1.078],[0,0]],"o":[[0,1.078],[-0.413,0.997],[-0.763,0.762],[-0.996,0.413],[-1.079,0],[-0.997,-0.413],[-0.763,-0.763],[-0.413,-0.996],[0,0],[0,0]],"v":[[8.211,-4.105],[7.586,-0.964],[5.806,1.701],[3.142,3.48],[0,4.105],[-3.142,3.48],[-5.806,1.701],[-7.586,-0.964],[-8.211,-4.105],[0,-4.105]],"c":true}},"nm":"Path 1","hd":false},{"ty":"fl","c":{"a":0,"k":[1,1,1,1]},"o":{"a":0,"k":100},"r":1,"bm":0,"nm":"Fill 1","hd":false},{"ty":"st","c":{"a":0,"k":[0.20000001496,0.20000001496,0.20000001496,1]},"o":{"a":0,"k":100},"w":{"a":0,"k":2},"lc":1,"lj":1,"ml":4,"bm":0,"nm":"Stroke 1","hd":false},{"ty":"tr","p":{"a":0,"k":[9.211,5.105]},"a":{"a":0,"k":[0,0]},"s":{"a":0,"k":[100,100]},"r":{"a":0,"k":0},"o":{"a":0,"k":100},"sk":{"a":0,"k":0},"sa":{"a":0,"k":0},"nm":"Transform"}],"nm":"Group 1","bm":0,"hd":false}],"ip":0,"op":149.000006068894,"st":0,"bm":0},{"ddd":0,"ind":3,"ty":4,"nm":"Burger Outlines","sr":1,"ks":{"o":{"a":0,"k":100},"r":{"a":0,"k":0},"p":{"k":[{"s":[201.841,48.189,0],"t":0,"i":{"x":1,"y":1},"o":{"x":0,"y":0}},{"s":[201.39,48.61,0],"t":1,"i":{"x":1,"y":1},"o":{"x":0,"y":0}},{"s":[200.957,49.017,0],"t":2,"i":{"x":1,"y":1},"o":{"x":0,"y":0}},{"s":[200.553,49.401,0],"t":3,"i":{"x":1,"y":1},"o":{"x":0,"y":0}},{"s":[200.189,49.754,0],"t":4,"i":{"x":1,"y":1},"o":{"x":0,"y":0}},{"s":[199.878,50.067,0],"t":5,"i":{"x":1,"y":1},"o":{"x":0,"y":0}},{"s":[199.631,50.331,0],"t":6,"i":{"x":1,"y":1},"o":{"x":0,"y":0}},{"s":[199.466,50.544,0],"t":7,"i":{"x":1,"y":1},"o":{"x":0,"y":0}},{"s":[199.398,50.735,0],"t":8,"i":{"x":1,"y":1},"o":{"x":0,"y":0}},{"s":[199.421,50.907,0],"t":9,"i":{"x":1,"y":1},"o":{"x":0,"y":0}},{"s":[199.525,51.058,0],"t":10,"i":{"x":1,"y":1},"o":{"x":0,"y":0}},{"s":[199.7,51.187,0],"t":11,"i":{"x":1,"y":1},"o":{"x":0,"y":0}},{"s":[199.939,51.294,0],"t":12,"i":{"x":1,"y":1},"o":{"x":0,"y":0}},{"s":[200.233,51.377,0],"t":13,"i":{"x":1,"y":1},"o":{"x":0,"y":0}},{"s":[200.573,51.437,0],"t":14,"i":{"x":1,"y":1},"o":{"x":0,"y":0}},{"s":[200.951,51.473,0],"t":15,"i":{"x":1,"y":1},"o":{"x":0,"y":0}},{"s":[201.36,51.486,0],"t":16,"i":{"x":1,"y":1},"o":{"x":0,"y":0}},{"s":[201.792,51.476,0],"t":17,"i":{"x":1,"y":1},"o":{"x":0,"y":0}},{"s":[202.239,51.444,0],"t":18,"i":{"x":1,"y":1},"o":{"x":0,"y":0}},{"s":[202.695,51.391,0],"t":19,"i":{"x":1,"y":1},"o":{"x":0,"y":0}},{"s":[203.152,51.318,0],"t":20,"i":{"x":1,"y":1},"o":{"x":0,"y":0}},{"s":[203.605,51.227,0],"t":21,"i":{"x":1,"y":1},"o":{"x":0,"y":0}},{"s":[204.046,51.121,0],"t":22,"i":{"x":1,"y":1},"o":{"x":0,"y":0}},{"s":[204.47,51,0],"t":23,"i":{"x":1,"y":1},"o":{"x":0,"y":0}},{"s":[204.871,50.868,0],"t":24,"i":{"x":1,"y":1},"o":{"x":0,"y":0}},{"s":[205.243,50.727,0],"t":25,"i":{"x":1,"y":1},"o":{"x":0,"y":0}},{"s":[205.581,50.58,0],"t":26,"i":{"x":1,"y":1},"o":{"x":0,"y":0}},{"s":[205.88,50.431,0],"t":27,"i":{"x":1,"y":1},"o":{"x":0,"y":0}},{"s":[206.134,50.282,0],"t":28,"i":{"x":1,"y":1},"o":{"x":0,"y":0}},{"s":[206.34,50.138,0],"t":29,"i":{"x":1,"y":1},"o":{"x":0,"y":0}},{"s":[206.492,50.003,0],"t":30,"i":{"x":1,"y":1},"o":{"x":0,"y":0}},{"s":[206.587,49.882,0],"t":31,"i":{"x":1,"y":1},"o":{"x":0,"y":0}},{"s":[206.621,49.777,0],"t":32,"i":{"x":1,"y":1},"o":{"x":0,"y":0}},{"s":[206.591,49.696,0],"t":33,"i":{"x":1,"y":1},"o":{"x":0,"y":0}},{"s":[206.491,49.642,0],"t":34,"i":{"x":1,"y":1},"o":{"x":0,"y":0}},{"s":[206.321,49.621,0],"t":35,"i":{"x":1,"y":1},"o":{"x":0,"y":0}},{"s":[206.076,49.639,0],"t":36,"i":{"x":1,"y":1},"o":{"x":0,"y":0}},{"s":[205.767,49.691,0],"t":37,"i":{"x":1,"y":1},"o":{"x":0,"y":0}},{"s":[205.441,49.737,0],"t":38,"i":{"x":1,"y":1},"o":{"x":0,"y":0}},{"s":[205.109,49.771,0],"t":39,"i":{"x":1,"y":1},"o":{"x":0,"y":0}},{"s":[204.775,49.794,0],"t":40,"i":{"x":1,"y":1},"o":{"x":0,"y":0}},{"s":[204.441,49.803,0],"t":41,"i":{"x":1,"y":1},"o":{"x":0,"y":0}},{"s":[204.112,49.799,0],"t":42,"i":{"x":1,"y":1},"o":{"x":0,"y":0}},{"s":[203.79,49.782,0],"t":43,"i":{"x":1,"y":1},"o":{"x":0,"y":0}},{"s":[203.478,49.752,0],"t":44,"i":{"x":1,"y":1},"o":{"x":0,"y":0}},{"s":[203.178,49.709,0],"t":45,"i":{"x":1,"y":1},"o":{"x":0,"y":0}},{"s":[202.893,49.652,0],"t":46,"i":{"x":1,"y":1},"o":{"x":0,"y":0}},{"s":[202.624,49.582,0],"t":47,"i":{"x":1,"y":1},"o":{"x":0,"y":0}},{"s":[202.372,49.5,0],"t":48,"i":{"x":1,"y":1},"o":{"x":0,"y":0}},{"s":[202.138,49.407,0],"t":49,"i":{"x":1,"y":1},"o":{"x":0,"y":0}},{"s":[201.923,49.302,0],"t":50,"i":{"x":1,"y":1},"o":{"x":0,"y":0}},{"s":[201.728,49.188,0],"t":51,"i":{"x":1,"y":1},"o":{"x":0,"y":0}},{"s":[201.551,49.065,0],"t":52,"i":{"x":1,"y":1},"o":{"x":0,"y":0}},{"s":[201.393,48.935,0],"t":53,"i":{"x":1,"y":1},"o":{"x":0,"y":0}},{"s":[201.253,48.798,0],"t":54,"i":{"x":1,"y":1},"o":{"x":0,"y":0}},{"s":[201.13,48.657,0],"t":55,"i":{"x":1,"y":1},"o":{"x":0,"y":0}},{"s":[201.023,48.512,0],"t":56,"i":{"x":1,"y":1},"o":{"x":0,"y":0}},{"s":[200.929,48.367,0],"t":57,"i":{"x":1,"y":1},"o":{"x":0,"y":0}},{"s":[200.847,48.223,0],"t":58,"i":{"x":1,"y":1},"o":{"x":0,"y":0}},{"s":[200.774,48.081,0],"t":59,"i":{"x":1,"y":1},"o":{"x":0,"y":0}},{"s":[200.708,47.945,0],"t":60,"i":{"x":1,"y":1},"o":{"x":0,"y":0}},{"s":[200.645,47.817,0],"t":61,"i":{"x":1,"y":1},"o":{"x":0,"y":0}},{"s":[200.582,47.699,0],"t":62,"i":{"x":1,"y":1},"o":{"x":0,"y":0}},{"s":[200.515,47.594,0],"t":63,"i":{"x":1,"y":1},"o":{"x":0,"y":0}},{"s":[200.441,47.506,0],"t":64,"i":{"x":1,"y":1},"o":{"x":0,"y":0}},{"s":[200.354,47.436,0],"t":65,"i":{"x":1,"y":1},"o":{"x":0,"y":0}},{"s":[200.249,47.388,0],"t":66,"i":{"x":1,"y":1},"o":{"x":0,"y":0}},{"s":[200.132,47.362,0],"t":67,"i":{"x":1,"y":1},"o":{"x":0,"y":0}},{"s":[199.956,47.325,0],"t":69,"i":{"x":1,"y":1},"o":{"x":0,"y":0}},{"s":[200.076,47.284,0],"t":75,"i":{"x":1,"y":1},"o":{"x":0,"y":0}},{"s":[200.201,47.282,0],"t":76,"i":{"x":1,"y":1},"o":{"x":0,"y":0}},{"s":[200.356,47.28,0],"t":77,"i":{"x":1,"y":1},"o":{"x":0,"y":0}},{"s":[200.54,47.278,0],"t":78,"i":{"x":1,"y":1},"o":{"x":0,"y":0}},{"s":[200.751,47.275,0],"t":79,"i":{"x":1,"y":1},"o":{"x":0,"y":0}},{"s":[200.989,47.271,0],"t":80,"i":{"x":1,"y":1},"o":{"x":0,"y":0}},{"s":[201.252,47.266,0],"t":81,"i":{"x":1,"y":1},"o":{"x":0,"y":0}},{"s":[201.536,47.26,0],"t":82,"i":{"x":1,"y":1},"o":{"x":0,"y":0}},{"s":[201.839,47.252,0],"t":83,"i":{"x":1,"y":1},"o":{"x":0,"y":0}},{"s":[202.159,47.242,0],"t":84,"i":{"x":1,"y":1},"o":{"x":0,"y":0}},{"s":[202.492,47.23,0],"t":85,"i":{"x":1,"y":1},"o":{"x":0,"y":0}},{"s":[202.833,47.215,0],"t":86,"i":{"x":1,"y":1},"o":{"x":0,"y":0}},{"s":[203.179,47.199,0],"t":87,"i":{"x":1,"y":1},"o":{"x":0,"y":0}},{"s":[203.525,47.179,0],"t":88,"i":{"x":1,"y":1},"o":{"x":0,"y":0}},{"s":[203.866,47.158,0],"t":89,"i":{"x":1,"y":1},"o":{"x":0,"y":0}},{"s":[204.196,47.133,0],"t":90,"i":{"x":1,"y":1},"o":{"x":0,"y":0}},{"s":[204.511,47.106,0],"t":91,"i":{"x":1,"y":1},"o":{"x":0,"y":0}},{"s":[204.804,47.076,0],"t":92,"i":{"x":1,"y":1},"o":{"x":0,"y":0}},{"s":[205.068,47.044,0],"t":93,"i":{"x":1,"y":1},"o":{"x":0,"y":0}},{"s":[205.296,47.009,0],"t":94,"i":{"x":1,"y":1},"o":{"x":0,"y":0}},{"s":[205.482,46.972,0],"t":95,"i":{"x":1,"y":1},"o":{"x":0,"y":0}},{"s":[205.617,46.932,0],"t":96,"i":{"x":1,"y":1},"o":{"x":0,"y":0}},{"s":[205.695,46.897,0],"t":97,"i":{"x":1,"y":1},"o":{"x":0,"y":0}},{"s":[205.6,46.922,0],"t":100,"i":{"x":1,"y":1},"o":{"x":0,"y":0}},{"s":[205.482,46.967,0],"t":101,"i":{"x":1,"y":1},"o":{"x":0,"y":0}},{"s":[205.333,47.026,0],"t":102,"i":{"x":1,"y":1},"o":{"x":0,"y":0}},{"s":[205.157,47.096,0],"t":103,"i":{"x":1,"y":1},"o":{"x":0,"y":0}},{"s":[204.961,47.175,0],"t":104,"i":{"x":1,"y":1},"o":{"x":0,"y":0}},{"s":[204.751,47.26,0],"t":105,"i":{"x":1,"y":1},"o":{"x":0,"y":0}},{"s":[204.531,47.351,0],"t":106,"i":{"x":1,"y":1},"o":{"x":0,"y":0}},{"s":[204.306,47.444,0],"t":107,"i":{"x":1,"y":1},"o":{"x":0,"y":0}},{"s":[204.081,47.538,0],"t":108,"i":{"x":1,"y":1},"o":{"x":0,"y":0}},{"s":[203.861,47.631,0],"t":109,"i":{"x":1,"y":1},"o":{"x":0,"y":0}},{"s":[203.649,47.721,0],"t":110,"i":{"x":1,"y":1},"o":{"x":0,"y":0}},{"s":[203.449,47.807,0],"t":111,"i":{"x":1,"y":1},"o":{"x":0,"y":0}},{"s":[203.264,47.887,0],"t":112,"i":{"x":1,"y":1},"o":{"x":0,"y":0}},{"s":[203.098,47.96,0],"t":113,"i":{"x":1,"y":1},"o":{"x":0,"y":0}},{"s":[202.954,48.024,0],"t":114,"i":{"x":1,"y":1},"o":{"x":0,"y":0}},{"s":[202.833,48.08,0],"t":115,"i":{"x":1,"y":1},"o":{"x":0,"y":0}},{"s":[202.739,48.124,0],"t":116,"i":{"x":1,"y":1},"o":{"x":0,"y":0}},{"s":[202.673,48.158,0],"t":117,"i":{"x":1,"y":1},"o":{"x":0,"y":0}},{"s":[202.814,48.129,0],"t":122,"i":{"x":1,"y":1},"o":{"x":0,"y":0}},{"s":[202.942,48.082,0],"t":123,"i":{"x":1,"y":1},"o":{"x":0,"y":0}},{"s":[203.104,48.019,0],"t":124,"i":{"x":1,"y":1},"o":{"x":0,"y":0}},{"s":[203.299,47.942,0],"t":125,"i":{"x":1,"y":1},"o":{"x":0,"y":0}},{"s":[203.526,47.85,0],"t":126,"i":{"x":1,"y":1},"o":{"x":0,"y":0}},{"s":[203.777,47.756,0],"t":127,"i":{"x":1,"y":1},"o":{"x":0,"y":0}},{"s":[204.023,47.694,0],"t":128,"i":{"x":1,"y":1},"o":{"x":0,"y":0}},{"s":[204.258,47.663,0],"t":129,"i":{"x":1,"y":1},"o":{"x":0,"y":0}},{"s":[204.478,47.661,0],"t":130,"i":{"x":1,"y":1},"o":{"x":0,"y":0}},{"s":[204.681,47.685,0],"t":131,"i":{"x":1,"y":1},"o":{"x":0,"y":0}},{"s":[204.861,47.731,0],"t":132,"i":{"x":1,"y":1},"o":{"x":0,"y":0}},{"s":[205.018,47.799,0],"t":133,"i":{"x":1,"y":1},"o":{"x":0,"y":0}},{"s":[205.148,47.884,0],"t":134,"i":{"x":1,"y":1},"o":{"x":0,"y":0}},{"s":[205.251,47.984,0],"t":135,"i":{"x":1,"y":1},"o":{"x":0,"y":0}},{"s":[205.324,48.098,0],"t":136,"i":{"x":1,"y":1},"o":{"x":0,"y":0}},{"s":[205.368,48.221,0],"t":137,"i":{"x":1,"y":1},"o":{"x":0,"y":0}},{"s":[205.381,48.353,0],"t":138,"i":{"x":1,"y":1},"o":{"x":0,"y":0}},{"s":[205.364,48.49,0],"t":139,"i":{"x":1,"y":1},"o":{"x":0,"y":0}},{"s":[205.318,48.629,0],"t":140,"i":{"x":1,"y":1},"o":{"x":0,"y":0}},{"s":[205.244,48.77,0],"t":141,"i":{"x":1,"y":1},"o":{"x":0,"y":0}},{"s":[205.143,48.909,0],"t":142,"i":{"x":1,"y":1},"o":{"x":0,"y":0}},{"s":[205.017,49.044,0],"t":143,"i":{"x":1,"y":1},"o":{"x":0,"y":0}},{"s":[204.869,49.174,0],"t":144,"i":{"x":1,"y":1},"o":{"x":0,"y":0}},{"s":[204.702,49.294,0],"t":145,"i":{"x":1,"y":1},"o":{"x":0,"y":0}},{"s":[204.519,49.405,0],"t":146,"i":{"x":1,"y":1},"o":{"x":0,"y":0}},{"s":[204.324,49.503,0],"t":147,"i":{"x":1,"y":1},"o":{"x":0,"y":0}},{"s":[204.122,49.587,0],"t":148,"i":{"x":1,"y":1},"o":{"x":0,"y":0}},{"s":[203.917,49.654,0],"t":149,"i":{"x":1,"y":1},"o":{"x":0,"y":0}}]},"a":{"a":0,"k":[18.773,14.312,0]},"s":{"a":1,"k":[{"i":{"x":[0.225,0.225,0.667],"y":[1,1,1]},"o":{"x":[0.388,0.388,0.333],"y":[0,0,0]},"t":29,"s":[0,0,100]},{"t":42.0000017106951,"s":[100,100,100]}]}},"ao":0,"shapes":[{"ty":"gr","it":[{"ind":0,"ty":"sh","ks":{"a":0,"k":{"i":[[0,0],[0,0]],"o":[[0,0],[0,0]],"v":[[0.636,0.637],[-0.636,-0.637]],"c":false}},"nm":"Path 1","hd":false},{"ty":"st","c":{"a":0,"k":[0.400000029919,0.400000029919,0.400000029919,1]},"o":{"a":0,"k":100},"w":{"a":0,"k":0.625},"lc":2,"lj":1,"ml":4,"bm":0,"nm":"Stroke 1","hd":false},{"ty":"tr","p":{"a":0,"k":[26.722,4.449]},"a":{"a":0,"k":[0,0]},"s":{"a":0,"k":[100,100]},"r":{"a":0,"k":0},"o":{"a":0,"k":100},"sk":{"a":0,"k":0},"sa":{"a":0,"k":0},"nm":"Transform"}],"nm":"Group 1","bm":0,"hd":false},{"ty":"gr","it":[{"ind":0,"ty":"sh","ks":{"a":0,"k":{"i":[[0,0],[0,0]],"o":[[0,0],[0,0]],"v":[[-0.636,0.636],[0.636,-0.636]],"c":false}},"nm":"Path 1","hd":false},{"ty":"st","c":{"a":0,"k":[0.400000029919,0.400000029919,0.400000029919,1]},"o":{"a":0,"k":100},"w":{"a":0,"k":0.625},"lc":2,"lj":1,"ml":4,"bm":0,"nm":"Stroke 1","hd":false},{"ty":"tr","p":{"a":0,"k":[22.903,5.722]},"a":{"a":0,"k":[0,0]},"s":{"a":0,"k":[100,100]},"r":{"a":0,"k":0},"o":{"a":0,"k":100},"sk":{"a":0,"k":0},"sa":{"a":0,"k":0},"nm":"Transform"}],"nm":"Group 2","bm":0,"hd":false},{"ty":"gr","it":[{"ind":0,"ty":"sh","ks":{"a":0,"k":{"i":[[0,0],[0,0]],"o":[[0,0],[0,0]],"v":[[-0.636,0.636],[0.636,-0.636]],"c":false}},"nm":"Path 1","hd":false},{"ty":"st","c":{"a":0,"k":[0.400000029919,0.400000029919,0.400000029919,1]},"o":{"a":0,"k":100},"w":{"a":0,"k":0.625},"lc":2,"lj":1,"ml":4,"bm":0,"nm":"Stroke 1","hd":false},{"ty":"tr","p":{"a":0,"k":[18.448,3.176]},"a":{"a":0,"k":[0,0]},"s":{"a":0,"k":[100,100]},"r":{"a":0,"k":0},"o":{"a":0,"k":100},"sk":{"a":0,"k":0},"sa":{"a":0,"k":0},"nm":"Transform"}],"nm":"Group 3","bm":0,"hd":false},{"ty":"gr","it":[{"ind":0,"ty":"sh","ks":{"a":0,"k":{"i":[[0,0],[0,0]],"o":[[0,0],[0,0]],"v":[[-0.636,0.636],[0.636,-0.636]],"c":false}},"nm":"Path 1","hd":false},{"ty":"st","c":{"a":0,"k":[0.400000029919,0.400000029919,0.400000029919,1]},"o":{"a":0,"k":100},"w":{"a":0,"k":0.625},"lc":2,"lj":1,"ml":4,"bm":0,"nm":"Stroke 1","hd":false},{"ty":"tr","p":{"a":0,"k":[13.994,5.722]},"a":{"a":0,"k":[0,0]},"s":{"a":0,"k":[100,100]},"r":{"a":0,"k":0},"o":{"a":0,"k":100},"sk":{"a":0,"k":0},"sa":{"a":0,"k":0},"nm":"Transform"}],"nm":"Group 4","bm":0,"hd":false},{"ty":"gr","it":[{"ind":0,"ty":"sh","ks":{"a":0,"k":{"i":[[0,0],[0,0]],"o":[[0,0],[0,0]],"v":[[0.636,0.637],[-0.636,-0.637]],"c":false}},"nm":"Path 1","hd":false},{"ty":"st","c":{"a":0,"k":[0.400000029919,0.400000029919,0.400000029919,1]},"o":{"a":0,"k":100},"w":{"a":0,"k":0.625},"lc":2,"lj":1,"ml":4,"bm":0,"nm":"Stroke 1","hd":false},{"ty":"tr","p":{"a":0,"k":[9.539,4.449]},"a":{"a":0,"k":[0,0]},"s":{"a":0,"k":[100,100]},"r":{"a":0,"k":0},"o":{"a":0,"k":100},"sk":{"a":0,"k":0},"sa":{"a":0,"k":0},"nm":"Transform"}],"nm":"Group 5","bm":0,"hd":false},{"ty":"gr","it":[{"ind":0,"ty":"sh","ks":{"a":0,"k":{"i":[[0,0],[0,0],[0,0],[0,0]],"o":[[0,0],[0,0],[0,0],[0,0]],"v":[[-15.596,-1.596],[15.596,-1.596],[15.596,1.596],[-15.596,1.596]],"c":true}},"nm":"Path 1","hd":false},{"ty":"st","c":{"a":0,"k":[0.400000029919,0.400000029919,0.400000029919,1]},"o":{"a":0,"k":100},"w":{"a":0,"k":0.625},"lc":1,"lj":1,"ml":4,"bm":0,"nm":"Stroke 1","hd":false},{"ty":"tr","p":{"a":0,"k":[18.13,18.131]},"a":{"a":0,"k":[0,0]},"s":{"a":0,"k":[100,100]},"r":{"a":0,"k":0},"o":{"a":0,"k":100},"sk":{"a":0,"k":0},"sa":{"a":0,"k":0},"nm":"Transform"}],"nm":"Group 6","bm":0,"hd":false},{"ty":"gr","it":[{"ind":0,"ty":"sh","ks":{"a":0,"k":{"i":[[-0.863,0],[0,0],[0,-0.863],[0,0],[0.863,0],[0,0],[0,0.864],[0,0]],"o":[[0,0],[0.863,0],[0,0],[0,0.864],[0,0],[-0.863,0],[0,0],[0,-0.863]],"v":[[-15.943,-1.597],[15.943,-1.597],[17.506,-0.034],[17.506,0.033],[15.943,1.597],[-15.943,1.597],[-17.506,0.033],[-17.506,-0.034]],"c":true}},"nm":"Path 1","hd":false},{"ty":"st","c":{"a":0,"k":[0.400000029919,0.400000029919,0.400000029919,1]},"o":{"a":0,"k":100},"w":{"a":0,"k":0.625},"lc":1,"lj":1,"ml":4,"bm":0,"nm":"Stroke 1","hd":false},{"ty":"tr","p":{"a":0,"k":[18.13,14.949]},"a":{"a":0,"k":[0,0]},"s":{"a":0,"k":[100,100]},"r":{"a":0,"k":0},"o":{"a":0,"k":100},"sk":{"a":0,"k":0},"sa":{"a":0,"k":0},"nm":"Transform"}],"nm":"Group 7","bm":0,"hd":false},{"ty":"gr","it":[{"ind":0,"ty":"sh","ks":{"a":0,"k":{"i":[[0,0],[-0.517,0],[0,0],[0,-0.518],[0,0],[3.281,0],[0,0],[0,3.281]],"o":[[0,-0.518],[0,0],[0.518,0],[0,0],[0,3.281],[0,0],[-3.28,0],[0,0]],"v":[[-16.234,-3.204],[-15.296,-4.142],[15.295,-4.142],[16.234,-3.204],[16.234,-1.798],[10.292,4.142],[-10.294,4.142],[-16.234,-1.798]],"c":true}},"nm":"Path 1","hd":false},{"ty":"st","c":{"a":0,"k":[0.400000029919,0.400000029919,0.400000029919,1]},"o":{"a":0,"k":100},"w":{"a":0,"k":0.625},"lc":1,"lj":1,"ml":4,"bm":0,"nm":"Stroke 1","hd":false},{"ty":"tr","p":{"a":0,"k":[18.13,23.857]},"a":{"a":0,"k":[0,0]},"s":{"a":0,"k":[100,100]},"r":{"a":0,"k":0},"o":{"a":0,"k":100},"sk":{"a":0,"k":0},"sa":{"a":0,"k":0},"nm":"Transform"}],"nm":"Group 8","bm":0,"hd":false},{"ty":"gr","it":[{"ind":0,"ty":"sh","ks":{"a":0,"k":{"i":[[0,0],[-7.104,0],[0,0],[-0.167,-7.063]],"o":[[0.167,-7.063],[0,0],[7.104,0],[0,0]],"v":[[-16.23,6.369],[-3.182,-6.369],[3.182,-6.369],[16.23,6.369]],"c":true}},"nm":"Path 1","hd":false},{"ty":"st","c":{"a":0,"k":[0.400000029919,0.400000029919,0.400000029919,1]},"o":{"a":0,"k":100},"w":{"a":0,"k":0.625},"lc":1,"lj":1,"ml":4,"bm":0,"nm":"Stroke 1","hd":false},{"ty":"tr","p":{"a":0,"k":[18.13,6.994]},"a":{"a":0,"k":[0,0]},"s":{"a":0,"k":[100,100]},"r":{"a":0,"k":0},"o":{"a":0,"k":100},"sk":{"a":0,"k":0},"sa":{"a":0,"k":0},"nm":"Transform"}],"nm":"Group 9","bm":0,"hd":false},{"ty":"gr","it":[{"ind":0,"ty":"sh","ks":{"a":0,"k":{"i":[[-1.036,0],[0,0],[0,-1.035],[0,0],[1.036,0],[0,0],[0,1.036],[0,0]],"o":[[0,0],[1.036,0],[0,0],[0,1.036],[0,0],[-1.036,0],[0,0],[0,-1.035]],"v":[[-15.943,-1.909],[15.943,-1.909],[17.819,-0.034],[17.819,0.033],[15.943,1.909],[-15.943,1.909],[-17.819,0.033],[-17.819,-0.034]],"c":true}},"nm":"Path 1","hd":false},{"ty":"mm","mm":4,"nm":"Merge Paths 1","hd":false},{"ty":"fl","c":{"a":0,"k":[0.941176530427,0.627450980392,0.525490196078,1]},"o":{"a":0,"k":100},"r":1,"bm":0,"nm":"Fill 1","hd":false},{"ty":"tr","p":{"a":0,"k":[19.478,14.949]},"a":{"a":0,"k":[0,0]},"s":{"a":0,"k":[100,100]},"r":{"a":0,"k":0},"o":{"a":0,"k":100},"sk":{"a":0,"k":0},"sa":{"a":0,"k":0},"nm":"Transform"}],"nm":"Group 10","bm":0,"hd":false},{"ty":"gr","it":[{"ind":0,"ty":"sh","ks":{"a":0,"k":{"i":[[0,0],[-0.69,0],[0,0],[0,-0.69],[0,0],[3.454,0],[0,0],[0,3.453]],"o":[[0,-0.69],[0,0],[0.69,0],[0,0],[0,3.453],[0,0],[-3.453,0],[0,0]],"v":[[-16.546,-3.204],[-15.295,-4.454],[15.295,-4.454],[16.546,-3.204],[16.546,-1.798],[10.292,4.454],[-10.293,4.454],[-16.546,-1.798]],"c":true}},"nm":"Path 1","hd":false},{"ty":"mm","mm":4,"nm":"Merge Paths 1","hd":false},{"ty":"fl","c":{"a":0,"k":[1,0.898039275525,0.741176470588,1]},"o":{"a":0,"k":100},"r":1,"bm":0,"nm":"Fill 1","hd":false},{"ty":"tr","p":{"a":0,"k":[19.478,23.858]},"a":{"a":0,"k":[0,0]},"s":{"a":0,"k":[100,100]},"r":{"a":0,"k":0},"o":{"a":0,"k":100},"sk":{"a":0,"k":0},"sa":{"a":0,"k":0},"nm":"Transform"}],"nm":"Group 11","bm":0,"hd":false},{"ty":"gr","it":[{"ty":"fl","c":{"a":0,"k":[0.980392216701,0.560784313725,0.560784313725,1]},"o":{"a":0,"k":100},"r":1,"bm":0,"nm":"Fill 1","hd":false},{"ty":"tr","p":{"a":0,"k":[19.477,18.13]},"a":{"a":0,"k":[0,0]},"s":{"a":0,"k":[100,100]},"r":{"a":0,"k":0},"o":{"a":0,"k":100},"sk":{"a":0,"k":0},"sa":{"a":0,"k":0},"nm":"Transform"}],"nm":"Group 12","bm":0,"hd":false},{"ty":"gr","it":[{"ind":0,"ty":"sh","ks":{"a":0,"k":{"i":[[0,0],[-7.381,0],[0,0],[0,-7.381]],"o":[[0,-7.381],[0,0],[7.379,0],[0,0]],"v":[[-16.546,6.682],[-3.182,-6.682],[3.182,-6.682],[16.546,6.682]],"c":true}},"nm":"Path 1","hd":false},{"ty":"gr","it":[{"ty":"tr","p":{"a":0,"k":[0,0]},"a":{"a":0,"k":[0,0]},"s":{"a":0,"k":[100,100]},"r":{"a":0,"k":0},"o":{"a":0,"k":100},"sk":{"a":0,"k":0},"sa":{"a":0,"k":0},"nm":"Transform"}],"nm":"Group 1","bm":0,"hd":false},{"ty":"mm","mm":4,"nm":"Merge Paths 1","hd":false},{"ty":"fl","c":{"a":0,"k":[1,0.898039275525,0.741176470588,1]},"o":{"a":0,"k":100},"r":1,"bm":0,"nm":"Fill 1","hd":false},{"ty":"tr","p":{"a":0,"k":[19.478,6.994]},"a":{"a":0,"k":[0,0]},"s":{"a":0,"k":[100,100]},"r":{"a":0,"k":0},"o":{"a":0,"k":100},"sk":{"a":0,"k":0},"sa":{"a":0,"k":0},"nm":"Transform"}],"nm":"Group 13","bm":0,"hd":false}],"ip":0,"op":149.000006068894,"st":0,"bm":0},{"ddd":0,"ind":4,"ty":4,"nm":"lingkaran Outlines 2","sr":1,"ks":{"o":{"a":0,"k":100},"r":{"a":0,"k":0},"p":{"a":0,"k":[45.5,75.25,0]},"a":{"a":0,"k":[33,63.25,0]},"s":{"a":1,"k":[{"i":{"x":[0.833,0.833,0.833],"y":[1,1,1]},"o":{"x":[0.333,0.333,0.333],"y":[0,0,0]},"t":41,"s":[0,0,100]},{"t":61.0000024845809,"s":[91,91,100]}]}},"ao":0,"shapes":[{"ty":"gr","it":[{"ind":0,"ty":"sh","ks":{"a":0,"k":{"i":[[17.396,0],[0,-17.397],[-17.396,0],[0,17.397]],"o":[[-17.396,0],[0,17.397],[17.396,0],[0,-17.397]],"v":[[0,-31.5],[-31.5,0],[0,31.5],[31.5,0]],"c":true}},"nm":"Path 1","hd":false},{"ty":"fl","c":{"a":0,"k":[1,1,1,1]},"o":{"a":0,"k":100},"r":1,"bm":0,"nm":"Fill 1","hd":false},{"ty":"st","c":{"a":0,"k":[0.490196108818,0.490196108818,0.490196108818,1]},"o":{"a":0,"k":100},"w":{"a":0,"k":2},"lc":1,"lj":1,"ml":4,"bm":0,"nm":"Stroke 1","hd":false},{"ty":"tr","p":{"a":0,"k":[32.5,32.5]},"a":{"a":0,"k":[0,0]},"s":{"a":0,"k":[100,100]},"r":{"a":0,"k":0},"o":{"a":0,"k":100},"sk":{"a":0,"k":0},"sa":{"a":0,"k":0},"nm":"Transform"}],"nm":"Group 1","bm":0,"hd":false}],"ip":0,"op":149.000006068894,"st":0,"bm":0},{"ddd":0,"ind":5,"ty":4,"nm":"lingkaran Outlines","sr":1,"ks":{"o":{"a":0,"k":100},"r":{"a":0,"k":0},"p":{"a":0,"k":[203.5,81.25,0]},"a":{"a":0,"k":[33,63.25,0]},"s":{"a":1,"k":[{"i":{"x":[0.667,0.667,0.667],"y":[1,1,1]},"o":{"x":[0.333,0.333,0.333],"y":[0,0,0]},"t":17,"s":[0,0,100]},{"t":30.0000012219251,"s":[100,100,100]}]}},"ao":0,"shapes":[{"ty":"gr","it":[{"ind":0,"ty":"sh","ks":{"a":0,"k":{"i":[[17.396,0],[0,-17.397],[-17.396,0],[0,17.397]],"o":[[-17.396,0],[0,17.397],[17.396,0],[0,-17.397]],"v":[[0,-31.5],[-31.5,0],[0,31.5],[31.5,0]],"c":true}},"nm":"Path 1","hd":false},{"ty":"fl","c":{"a":0,"k":[1,1,1,1]},"o":{"a":0,"k":100},"r":1,"bm":0,"nm":"Fill 1","hd":false},{"ty":"st","c":{"a":0,"k":[0.490196108818,0.490196108818,0.490196108818,1]},"o":{"a":0,"k":100},"w":{"a":0,"k":2},"lc":1,"lj":1,"ml":4,"bm":0,"nm":"Stroke 1","hd":false},{"ty":"tr","p":{"a":0,"k":[32.5,32.5]},"a":{"a":0,"k":[0,0]},"s":{"a":0,"k":[100,100]},"r":{"a":0,"k":0},"o":{"a":0,"k":100},"sk":{"a":0,"k":0},"sa":{"a":0,"k":0},"nm":"Transform"}],"nm":"Group 1","bm":0,"hd":false}],"ip":0,"op":149.000006068894,"st":0,"bm":0},{"ddd":0,"ind":6,"ty":4,"nm":"garis bawah 2","sr":1,"ks":{"o":{"a":0,"k":100},"r":{"a":0,"k":409},"p":{"a":0,"k":[65.625,77.25,0]},"a":{"a":0,"k":[72.125,-41.5,0]},"s":{"a":0,"k":[121.151,128.888,100]}},"ao":0,"shapes":[{"ty":"gr","it":[{"ind":0,"ty":"sh","ks":{"a":0,"k":{"i":[[0,0],[0,0]],"o":[[0,0],[0,0]],"v":[[83.5,-54.625],[60.5,-29.25]],"c":false}},"nm":"Path 1","hd":false},{"ty":"st","c":{"a":0,"k":[0.490425854921,0.490425854921,0.490425854921,1]},"o":{"a":0,"k":100},"w":{"a":0,"k":0.4},"lc":1,"lj":1,"ml":4,"bm":0,"nm":"Stroke 1","hd":false},{"ty":"tr","p":{"a":0,"k":[0,0]},"a":{"a":0,"k":[0,0]},"s":{"a":0,"k":[100,100]},"r":{"a":0,"k":0},"o":{"a":0,"k":100},"sk":{"a":0,"k":0},"sa":{"a":0,"k":0},"nm":"Transform"}],"nm":"Shape 1","bm":0,"hd":false},{"ty":"tm","s":{"a":0,"k":0},"e":{"a":1,"k":[{"i":{"x":[0.047],"y":[1]},"o":{"x":[0.333],"y":[0]},"t":37,"s":[0]},{"t":54.0000021994651,"s":[100]}]},"o":{"a":0,"k":0},"m":1,"nm":"Trim Paths 1","hd":false}],"ip":0,"op":149.000006068894,"st":0,"bm":0},{"ddd":0,"ind":7,"ty":4,"nm":"garis bawah","sr":1,"ks":{"o":{"a":0,"k":100},"r":{"a":0,"k":228},"p":{"a":0,"k":[187.375,82,0]},"a":{"a":0,"k":[72.125,-41.5,0]},"s":{"a":0,"k":[100,100,100]}},"ao":0,"shapes":[{"ty":"gr","it":[{"ind":0,"ty":"sh","ks":{"a":0,"k":{"i":[[0,0],[0,0]],"o":[[0,0],[0,0]],"v":[[83.5,-54.625],[60.5,-29.25]],"c":false}},"nm":"Path 1","hd":false},{"ty":"st","c":{"a":0,"k":[0.490425854921,0.490425854921,0.490425854921,1]},"o":{"a":0,"k":100},"w":{"a":0,"k":0.5},"lc":2,"lj":1,"ml":4,"bm":0,"nm":"Stroke 1","hd":false},{"ty":"tr","p":{"a":0,"k":[0,0]},"a":{"a":0,"k":[0,0]},"s":{"a":0,"k":[100,100]},"r":{"a":0,"k":0},"o":{"a":0,"k":100},"sk":{"a":0,"k":0},"sa":{"a":0,"k":0},"nm":"Transform"}],"nm":"Shape 1","bm":0,"hd":false},{"ty":"tm","s":{"a":0,"k":0},"e":{"a":1,"k":[{"i":{"x":[0.047],"y":[1]},"o":{"x":[0.333],"y":[0]},"t":0,"s":[0]},{"t":17.0000006924242,"s":[100]}]},"o":{"a":0,"k":0},"m":1,"nm":"Trim Paths 1","hd":false}],"ip":0,"op":149.000006068894,"st":0,"bm":0},{"ddd":0,"ind":8,"ty":4,"nm":"kepala Outlines","parent":10,"sr":1,"ks":{"o":{"a":0,"k":100},"r":{"a":1,"k":[{"i":{"x":[0.667],"y":[1]},"o":{"x":[0.333],"y":[0]},"t":22,"s":[0]},{"i":{"x":[0.833],"y":[1]},"o":{"x":[0.333],"y":[0]},"t":51,"s":[-9]},{"t":96.0000039101602,"s":[0]}]},"p":{"a":0,"k":[18.815,5.793,0]},"a":{"a":0,"k":[34.453,71.855,0]},"s":{"a":0,"k":[100,100,100]}},"ao":0,"shapes":[{"ty":"gr","it":[{"ind":0,"ty":"sh","ks":{"a":0,"k":{"i":[[2.596,0],[0,0],[1.477,-2.264],[0,0],[0,-2.329],[0,0],[-2.209,0],[0,0],[0,-3.313],[0,0],[6.628,0],[0,0],[0,13.255],[0,0],[-8.836,0],[0,0],[-1.426,1.822],[0,0],[2.771,-2.443]],"o":[[0,0],[-2.703,0],[0,0],[-1.272,1.95],[0,0],[0,2.21],[0,0],[3.314,0],[0,0],[0,6.628],[0,0],[-13.255,0],[0,0],[0,-8.836],[0,0],[2.314,0],[0,0],[-0.288,3.683],[-1.948,1.717]],"v":[[17.999,-14.595],[-9.787,-14.595],[-16.488,-10.966],[-17.819,-8.925],[-19.769,-2.368],[-19.769,5.4],[-15.769,9.4],[17.157,9.4],[23.157,15.4],[23.157,23.5],[11.157,35.5],[-6.5,35.5],[-30.5,11.5],[-30.5,-16.614],[-14.5,-32.614],[24.575,-32.614],[30.5,-35.5],[29.82,-26.812],[25.05,-17.259]],"c":true}},"nm":"Path 1","hd":false},{"ty":"st","c":{"a":0,"k":[0.20000001496,0.20000001496,0.20000001496,1]},"o":{"a":0,"k":100},"w":{"a":0,"k":1},"lc":1,"lj":1,"ml":4,"bm":0,"nm":"Stroke 1","hd":false},{"ty":"tr","p":{"a":0,"k":[36,36.5]},"a":{"a":0,"k":[0,0]},"s":{"a":0,"k":[100,100]},"r":{"a":0,"k":0},"o":{"a":0,"k":100},"sk":{"a":0,"k":0},"sa":{"a":0,"k":0},"nm":"Transform"}],"nm":"Group 1","bm":0,"hd":false},{"ty":"gr","it":[{"ind":0,"ty":"sh","ks":{"a":0,"k":{"i":[[2.596,0],[0,0],[1.477,-2.264],[0,0],[0,-2.329],[0,0],[-2.209,0],[0,0],[0,-3.313],[0,0],[6.628,0],[0,0],[0,13.255],[0,0],[-8.836,0],[0,0],[-1.426,1.822],[0,0],[2.771,-2.443]],"o":[[0,0],[-2.703,0],[0,0],[-1.272,1.95],[0,0],[0,2.21],[0,0],[3.314,0],[0,0],[0,6.628],[0,0],[-13.255,0],[0,0],[0,-8.836],[0,0],[2.314,0],[0,0],[-0.288,3.683],[-1.948,1.717]],"v":[[17.999,-14.595],[-9.787,-14.595],[-16.488,-10.966],[-17.819,-8.925],[-19.769,-2.368],[-19.769,5.4],[-15.769,9.4],[17.157,9.4],[23.157,15.4],[23.157,23.5],[11.157,35.5],[-6.5,35.5],[-30.5,11.5],[-30.5,-16.614],[-14.5,-32.614],[24.575,-32.614],[30.5,-35.5],[29.82,-26.812],[25.05,-17.259]],"c":true}},"nm":"Path 1","hd":false},{"ty":"mm","mm":4,"nm":"Merge Paths 1","hd":false},{"ty":"fl","c":{"a":0,"k":[0.662745098039,0.525490196078,0.364705882353,1]},"o":{"a":0,"k":100},"r":1,"bm":0,"nm":"Fill 1","hd":false},{"ty":"tr","p":{"a":0,"k":[38,36.5]},"a":{"a":0,"k":[0,0]},"s":{"a":0,"k":[100,100]},"r":{"a":0,"k":0},"o":{"a":0,"k":100},"sk":{"a":0,"k":0},"sa":{"a":0,"k":0},"nm":"Transform"}],"nm":"Group 2","bm":0,"hd":false},{"ty":"gr","it":[{"ind":0,"ty":"sh","ks":{"a":0,"k":{"i":[[2.596,0],[0,0],[1.477,-2.264],[0,0],[0,-2.329],[0,0],[-2.209,0],[0,0],[0,-3.313],[0,0],[6.628,0],[0,0],[0,13.255],[0,0],[-8.836,0],[0,0],[-1.426,1.822],[0,0],[2.771,-2.443]],"o":[[0,0],[-2.703,0],[0,0],[-1.272,1.95],[0,0],[0,2.21],[0,0],[3.314,0],[0,0],[0,6.628],[0,0],[-13.255,0],[0,0],[0,-8.836],[0,0],[2.314,0],[0,0],[-0.288,3.683],[-1.948,1.717]],"v":[[17.999,-14.595],[-9.787,-14.595],[-16.488,-10.966],[-17.819,-8.925],[-19.769,-2.368],[-19.769,5.4],[-15.769,9.4],[17.157,9.4],[23.157,15.4],[23.157,23.5],[11.157,35.5],[-6.5,35.5],[-30.5,11.5],[-30.5,-16.614],[-14.5,-32.614],[24.575,-32.614],[30.5,-35.5],[29.82,-26.812],[25.05,-17.259]],"c":true}},"nm":"Path 1","hd":false},{"ty":"st","c":{"a":0,"k":[0.20000001496,0.20000001496,0.20000001496,1]},"o":{"a":0,"k":100},"w":{"a":0,"k":1},"lc":1,"lj":1,"ml":4,"bm":0,"nm":"Stroke 1","hd":false},{"ty":"tr","p":{"a":0,"k":[36,36.5]},"a":{"a":0,"k":[0,0]},"s":{"a":0,"k":[100,100]},"r":{"a":0,"k":0},"o":{"a":0,"k":100},"sk":{"a":0,"k":0},"sa":{"a":0,"k":0},"nm":"Transform"}],"nm":"Group 3","bm":0,"hd":false},{"ty":"gr","it":[{"ind":0,"ty":"sh","ks":{"a":0,"k":{"i":[[2.596,0],[0,0],[1.477,-2.264],[0,0],[0,-2.329],[0,0],[-2.209,0],[0,0],[0,-3.313],[0,0],[6.628,0],[0,0],[0,13.255],[0,0],[-8.836,0],[0,0],[-1.426,1.822],[0,0],[2.771,-2.443]],"o":[[0,0],[-2.703,0],[0,0],[-1.272,1.95],[0,0],[0,2.21],[0,0],[3.314,0],[0,0],[0,6.628],[0,0],[-13.255,0],[0,0],[0,-8.836],[0,0],[2.314,0],[0,0],[-0.288,3.683],[-1.948,1.717]],"v":[[17.999,-14.595],[-9.787,-14.595],[-16.488,-10.966],[-17.819,-8.925],[-19.769,-2.368],[-19.769,5.4],[-15.769,9.4],[17.157,9.4],[23.157,15.4],[23.157,23.5],[11.157,35.5],[-6.5,35.5],[-30.5,11.5],[-30.5,-16.614],[-14.5,-32.614],[24.575,-32.614],[30.5,-35.5],[29.82,-26.812],[25.05,-17.259]],"c":true}},"nm":"Path 1","hd":false},{"ty":"mm","mm":4,"nm":"Merge Paths 1","hd":false},{"ty":"fl","c":{"a":0,"k":[1,1,1,1]},"o":{"a":0,"k":100},"r":1,"bm":0,"nm":"Fill 1","hd":false},{"ty":"tr","p":{"a":0,"k":[36,36.5]},"a":{"a":0,"k":[0,0]},"s":{"a":0,"k":[100,100]},"r":{"a":0,"k":0},"o":{"a":0,"k":100},"sk":{"a":0,"k":0},"sa":{"a":0,"k":0},"nm":"Transform"}],"nm":"Group 4","bm":0,"hd":false},{"ty":"gr","it":[{"ind":0,"ty":"sh","ks":{"a":0,"k":{"i":[[-5.247,0],[0,0],[0,-5.247],[0,0],[5.247,0],[0,0],[0,5.247],[0,0]],"o":[[0,0],[5.247,0],[0,0],[0,5.247],[0,0],[-5.247,0],[0,0],[0,-5.247]],"v":[[-13.5,-24.5],[13.5,-24.5],[23,-15],[23,15],[13.5,24.5],[-13.5,24.5],[-23,15],[-23,-15]],"c":true}},"nm":"Path 1","hd":false},{"ty":"st","c":{"a":0,"k":[0.20000001496,0.20000001496,0.20000001496,1]},"o":{"a":0,"k":100},"w":{"a":0,"k":1},"lc":1,"lj":1,"ml":4,"bm":0,"nm":"Stroke 1","hd":false},{"ty":"tr","p":{"a":0,"k":[32,36]},"a":{"a":0,"k":[0,0]},"s":{"a":0,"k":[100,100]},"r":{"a":0,"k":0},"o":{"a":0,"k":100},"sk":{"a":0,"k":0},"sa":{"a":0,"k":0},"nm":"Transform"}],"nm":"Group 5","bm":0,"hd":false},{"ty":"gr","it":[{"ind":0,"ty":"sh","ks":{"a":0,"k":{"i":[[-5.523,0],[0,0],[0,-5.523],[0,0],[5.522,0],[0,0],[0,5.523],[0,0]],"o":[[0,0],[5.522,0],[0,0],[0,5.523],[0,0],[-5.523,0],[0,0],[0,-5.523]],"v":[[-12,-25],[12,-25],[22,-15],[22,15],[12,25],[-12,25],[-22,15],[-22,-15]],"c":true}},"nm":"Path 1","hd":false},{"ty":"mm","mm":4,"nm":"Merge Paths 1","hd":false},{"ty":"fl","c":{"a":0,"k":[1,0.898039275525,0.741176470588,1]},"o":{"a":0,"k":100},"r":1,"bm":0,"nm":"Fill 1","hd":false},{"ty":"tr","p":{"a":0,"k":[31.5,36]},"a":{"a":0,"k":[0,0]},"s":{"a":0,"k":[100,100]},"r":{"a":0,"k":0},"o":{"a":0,"k":100},"sk":{"a":0,"k":0},"sa":{"a":0,"k":0},"nm":"Transform"}],"nm":"Group 6","bm":0,"hd":false},{"ty":"gr","it":[{"ind":0,"ty":"sh","ks":{"a":0,"k":{"i":[[0,-4.479],[3.809,0],[0,4.479],[-3.809,0]],"o":[[0,4.479],[-3.809,0],[0,-4.479],[3.809,0]],"v":[[7,0],[0,8],[-7,0],[0,-8]],"c":true}},"nm":"Path 1","hd":false},{"ty":"st","c":{"a":0,"k":[0.20000001496,0.20000001496,0.20000001496,1]},"o":{"a":0,"k":100},"w":{"a":0,"k":1},"lc":1,"lj":1,"ml":4,"bm":0,"nm":"Stroke 1","hd":false},{"ty":"tr","p":{"a":0,"k":[8,38.5]},"a":{"a":0,"k":[0,0]},"s":{"a":0,"k":[100,100]},"r":{"a":0,"k":0},"o":{"a":0,"k":100},"sk":{"a":0,"k":0},"sa":{"a":0,"k":0},"nm":"Transform"}],"nm":"Group 7","bm":0,"hd":false},{"ty":"gr","it":[{"ind":0,"ty":"sh","ks":{"a":0,"k":{"i":[[-4.142,0],[0,-4.694],[4.142,0],[0,4.694]],"o":[[4.142,0],[0,4.694],[-4.142,0],[0,-4.694]],"v":[[0,-8.5],[7.5,0],[0,8.5],[-7.5,0]],"c":true}},"nm":"Path 1","hd":false},{"ty":"mm","mm":4,"nm":"Merge Paths 1","hd":false},{"ty":"fl","c":{"a":0,"k":[1,0.898039275525,0.741176470588,1]},"o":{"a":0,"k":100},"r":1,"bm":0,"nm":"Fill 1","hd":false},{"ty":"tr","p":{"a":0,"k":[10,38.5]},"a":{"a":0,"k":[0,0]},"s":{"a":0,"k":[100,100]},"r":{"a":0,"k":0},"o":{"a":0,"k":100},"sk":{"a":0,"k":0},"sa":{"a":0,"k":0},"nm":"Transform"}],"nm":"Group 8","bm":0,"hd":false}],"ip":0,"op":149.000006068894,"st":0,"bm":0},{"ddd":0,"ind":9,"ty":4,"nm":"Layer 1 Outlines","sr":1,"ks":{"o":{"a":0,"k":100},"r":{"a":0,"k":0},"p":{"a":0,"k":[138,130.891,0]},"a":{"a":0,"k":[120.5,50.109,0]},"s":{"a":0,"k":[100,100,100]}},"ao":0,"shapes":[{"ty":"gr","it":[{"ind":0,"ty":"sh","ks":{"a":0,"k":{"i":[[0,0],[0,0]],"o":[[0,0],[0,0]],"v":[[1.5,98.719],[239.5,98.719]],"c":false}},"nm":"Path 1","hd":false},{"ty":"st","c":{"a":0,"k":[0.20000001496,0.20000001496,0.20000001496,1]},"o":{"a":0,"k":100},"w":{"a":0,"k":3},"lc":2,"lj":1,"ml":4,"bm":0,"nm":"Stroke 1","hd":false},{"ty":"tr","p":{"a":0,"k":[0,0]},"a":{"a":0,"k":[0,0]},"s":{"a":0,"k":[100,100]},"r":{"a":0,"k":0},"o":{"a":0,"k":100},"sk":{"a":0,"k":0},"sa":{"a":0,"k":0},"nm":"Transform"}],"nm":"Group 1","bm":0,"hd":false},{"ty":"gr","it":[{"ind":0,"ty":"sh","ks":{"a":0,"k":{"i":[[0,0],[-2.426,0],[0,0],[1.065,-3.531],[0,0],[2.426,0],[0,0],[-1.063,3.531]],"o":[[0.7,-2.321],[0,0],[3.687,0],[0,0],[-0.7,2.321],[0,0],[-3.687,0],[0,0]],"v":[[-40.276,-26.15],[-35.01,-30.061],[49.821,-30.061],[55.086,-22.973],[40.276,26.149],[35.01,30.061],[-49.821,30.061],[-55.088,22.973]],"c":true}},"nm":"Path 1","hd":false},{"ty":"st","c":{"a":0,"k":[0.20000001496,0.20000001496,0.20000001496,1]},"o":{"a":0,"k":100},"w":{"a":0,"k":1},"lc":1,"lj":1,"ml":4,"bm":0,"nm":"Stroke 1","hd":false},{"ty":"tr","p":{"a":0,"k":[178.265,62.551]},"a":{"a":0,"k":[0,0]},"s":{"a":0,"k":[100,100]},"r":{"a":0,"k":0},"o":{"a":0,"k":100},"sk":{"a":0,"k":0},"sa":{"a":0,"k":0},"nm":"Transform"}],"nm":"Group 2","bm":0,"hd":false},{"ty":"gr","it":[{"ind":0,"ty":"sh","ks":{"a":0,"k":{"i":[[0,0],[-2.645,0],[0,0],[1.161,-3.851],[0,0],[2.646,0],[0,0],[-1.161,3.851]],"o":[[0.765,-2.534],[0,0],[4.023,0],[0,0],[-0.765,2.534],[0,0],[-4.024,0],[0,0]],"v":[[-40.755,-26.293],[-35.011,-30.561],[49.821,-30.561],[55.565,-22.829],[40.757,26.293],[35.011,30.561],[-49.82,30.561],[-55.566,22.829]],"c":true}},"nm":"Path 1","hd":false},{"ty":"fl","c":{"a":0,"k":[0.866666726505,0.866666726505,0.866666726505,1]},"o":{"a":0,"k":100},"r":1,"bm":0,"nm":"Fill 1","hd":false},{"ty":"tr","p":{"a":0,"k":[181.771,62.551]},"a":{"a":0,"k":[0,0]},"s":{"a":0,"k":[100,100]},"r":{"a":0,"k":0},"o":{"a":0,"k":100},"sk":{"a":0,"k":0},"sa":{"a":0,"k":0},"nm":"Transform"}],"nm":"Group 3","bm":0,"hd":false},{"ty":"gr","it":[{"ind":0,"ty":"sh","ks":{"a":0,"k":{"i":[[0,0],[-2.426,0],[0,0],[1.064,-3.531],[0,0],[2.426,0],[0,0],[-1.063,3.531]],"o":[[0.7,-2.321],[0,0],[3.688,0],[0,0],[-0.7,2.321],[0,0],[-3.687,0],[0,0]],"v":[[-40.276,-26.15],[-35.01,-30.061],[49.821,-30.061],[55.087,-22.973],[40.276,26.149],[35.011,30.061],[-49.821,30.061],[-55.088,22.973]],"c":true}},"nm":"Path 1","hd":false},{"ty":"st","c":{"a":0,"k":[0.20000001496,0.20000001496,0.20000001496,1]},"o":{"a":0,"k":100},"w":{"a":0,"k":1},"lc":1,"lj":1,"ml":4,"bm":0,"nm":"Stroke 1","hd":false},{"ty":"tr","p":{"a":0,"k":[174.272,62.551]},"a":{"a":0,"k":[0,0]},"s":{"a":0,"k":[100,100]},"r":{"a":0,"k":0},"o":{"a":0,"k":100},"sk":{"a":0,"k":0},"sa":{"a":0,"k":0},"nm":"Transform"}],"nm":"Group 4","bm":0,"hd":false},{"ty":"gr","it":[{"ind":0,"ty":"sh","ks":{"a":0,"k":{"i":[[0,0],[-2.426,0],[0,0],[1.064,-3.531],[0,0],[2.426,0],[0,0],[-1.063,3.531]],"o":[[0.7,-2.321],[0,0],[3.688,0],[0,0],[-0.7,2.321],[0,0],[-3.687,0],[0,0]],"v":[[-40.276,-26.15],[-35.01,-30.061],[49.821,-30.061],[55.087,-22.973],[40.276,26.149],[35.011,30.061],[-49.821,30.061],[-55.088,22.973]],"c":true}},"nm":"Path 1","hd":false},{"ty":"fl","c":{"a":0,"k":[1,1,1,1]},"o":{"a":0,"k":100},"r":1,"bm":0,"nm":"Fill 1","hd":false},{"ty":"tr","p":{"a":0,"k":[174.272,62.551]},"a":{"a":0,"k":[0,0]},"s":{"a":0,"k":[100,100]},"r":{"a":0,"k":0},"o":{"a":0,"k":100},"sk":{"a":0,"k":0},"sa":{"a":0,"k":0},"nm":"Transform"}],"nm":"Group 5","bm":0,"hd":false},{"ty":"gr","it":[{"ind":0,"ty":"sh","ks":{"a":0,"k":{"i":[[-1.166,0],[0,0],[0,-1.166],[1.165,0],[0,0],[0,1.166]],"o":[[0,0],[1.165,0],[0,1.166],[0,0],[-1.166,0],[0,-1.166]],"v":[[-23.65,-2.111],[23.651,-2.111],[25.761,0],[23.651,2.111],[-23.65,2.111],[-25.761,0]],"c":true}},"nm":"Path 1","hd":false},{"ty":"st","c":{"a":0,"k":[0.20000001496,0.20000001496,0.20000001496,1]},"o":{"a":0,"k":100},"w":{"a":0,"k":1},"lc":1,"lj":1,"ml":4,"bm":0,"nm":"Stroke 1","hd":false},{"ty":"tr","p":{"a":0,"k":[94.107,95.723]},"a":{"a":0,"k":[0,0]},"s":{"a":0,"k":[100,100]},"r":{"a":0,"k":0},"o":{"a":0,"k":100},"sk":{"a":0,"k":0},"sa":{"a":0,"k":0},"nm":"Transform"}],"nm":"Group 6","bm":0,"hd":false},{"ty":"gr","it":[{"ind":0,"ty":"sh","ks":{"a":0,"k":{"i":[[-1.355,0],[0,0],[0,-1.355],[1.355,0],[0,0],[0,1.357]],"o":[[0,0],[1.355,0],[0,1.357],[0,0],[-1.355,0],[0,-1.355]],"v":[[-21.566,-2.454],[21.565,-2.454],[24.02,-0.001],[21.565,2.454],[-21.566,2.454],[-24.021,-0.001]],"c":true}},"nm":"Path 1","hd":false},{"ty":"fl","c":{"a":0,"k":[0.866666726505,0.866666726505,0.866666726505,1]},"o":{"a":0,"k":100},"r":1,"bm":0,"nm":"Fill 1","hd":false},{"ty":"tr","p":{"a":0,"k":[96.074,95.879]},"a":{"a":0,"k":[0,0]},"s":{"a":0,"k":[100,100]},"r":{"a":0,"k":0},"o":{"a":0,"k":100},"sk":{"a":0,"k":0},"sa":{"a":0,"k":0},"nm":"Transform"}],"nm":"Group 7","bm":0,"hd":false},{"ty":"gr","it":[{"ind":0,"ty":"sh","ks":{"a":0,"k":{"i":[[-1.166,0],[0,0],[0,-1.166],[1.165,0],[0,0],[0,1.166]],"o":[[0,0],[1.165,0],[0,1.166],[0,0],[-1.166,0],[0,-1.166]],"v":[[-23.65,-2.111],[23.651,-2.111],[25.761,0],[23.651,2.111],[-23.65,2.111],[-25.761,0]],"c":true}},"nm":"Path 1","hd":false},{"ty":"st","c":{"a":0,"k":[0.20000001496,0.20000001496,0.20000001496,1]},"o":{"a":0,"k":100},"w":{"a":0,"k":1},"lc":1,"lj":1,"ml":4,"bm":0,"nm":"Stroke 1","hd":false},{"ty":"tr","p":{"a":0,"k":[94.107,95.723]},"a":{"a":0,"k":[0,0]},"s":{"a":0,"k":[100,100]},"r":{"a":0,"k":0},"o":{"a":0,"k":100},"sk":{"a":0,"k":0},"sa":{"a":0,"k":0},"nm":"Transform"}],"nm":"Group 8","bm":0,"hd":false},{"ty":"gr","it":[{"ind":0,"ty":"sh","ks":{"a":0,"k":{"i":[[-1.166,0],[0,0],[0,-1.166],[1.165,0],[0,0],[0,1.166]],"o":[[0,0],[1.165,0],[0,1.166],[0,0],[-1.166,0],[0,-1.166]],"v":[[-23.65,-2.111],[23.651,-2.111],[25.761,0],[23.651,2.111],[-23.65,2.111],[-25.761,0]],"c":true}},"nm":"Path 1","hd":false},{"ty":"fl","c":{"a":0,"k":[1,1,1,1]},"o":{"a":0,"k":100},"r":1,"bm":0,"nm":"Fill 1","hd":false},{"ty":"tr","p":{"a":0,"k":[94.107,95.723]},"a":{"a":0,"k":[0,0]},"s":{"a":0,"k":[100,100]},"r":{"a":0,"k":0},"o":{"a":0,"k":100},"sk":{"a":0,"k":0},"sa":{"a":0,"k":0},"nm":"Transform"}],"nm":"Group 9","bm":0,"hd":false},{"ty":"gr","it":[{"ind":0,"ty":"sh","ks":{"a":0,"k":{"i":[[-1.166,0],[0,0],[0,-1.166],[1.166,0],[0,0],[0,1.166]],"o":[[0,0],[1.166,0],[0,1.166],[0,0],[-1.166,0],[0,-1.166]],"v":[[-60.507,-2.111],[60.508,-2.111],[62.618,0],[60.508,2.111],[-60.507,2.111],[-62.618,0]],"c":true}},"nm":"Path 1","hd":false},{"ty":"st","c":{"a":0,"k":[0.20000001496,0.20000001496,0.20000001496,1]},"o":{"a":0,"k":100},"w":{"a":0,"k":1},"lc":1,"lj":1,"ml":4,"bm":0,"nm":"Stroke 1","hd":false},{"ty":"tr","p":{"a":0,"k":[152.772,95.723]},"a":{"a":0,"k":[0,0]},"s":{"a":0,"k":[100,100]},"r":{"a":0,"k":0},"o":{"a":0,"k":100},"sk":{"a":0,"k":0},"sa":{"a":0,"k":0},"nm":"Transform"}],"nm":"Group 10","bm":0,"hd":false},{"ty":"gr","it":[{"ind":0,"ty":"sh","ks":{"a":0,"k":{"i":[[-1.166,0],[0,0],[0,-1.166],[1.166,0],[0,0],[0,1.166]],"o":[[0,0],[1.166,0],[0,1.166],[0,0],[-1.166,0],[0,-1.166]],"v":[[-60.507,-2.111],[60.508,-2.111],[62.618,0],[60.508,2.111],[-60.507,2.111],[-62.618,0]],"c":true}},"nm":"Path 1","hd":false},{"ty":"fl","c":{"a":0,"k":[1,1,1,1]},"o":{"a":0,"k":100},"r":1,"bm":0,"nm":"Fill 1","hd":false},{"ty":"tr","p":{"a":0,"k":[152.772,95.723]},"a":{"a":0,"k":[0,0]},"s":{"a":0,"k":[100,100]},"r":{"a":0,"k":0},"o":{"a":0,"k":100},"sk":{"a":0,"k":0},"sa":{"a":0,"k":0},"nm":"Transform"}],"nm":"Group 11","bm":0,"hd":false},{"ty":"gr","it":[{"ind":0,"ty":"sh","ks":{"a":0,"k":{"i":[[0,0],[0,0]],"o":[[0,0],[0,0]],"v":[[134.51,39.071],[134.51,88.164]],"c":false}},"nm":"Path 1","hd":false},{"ty":"st","c":{"a":0,"k":[0.20000001496,0.20000001496,0.20000001496,1]},"o":{"a":0,"k":100},"w":{"a":0,"k":1},"lc":2,"lj":1,"ml":4,"bm":0,"nm":"Stroke 1","hd":false},{"ty":"tr","p":{"a":0,"k":[0,0]},"a":{"a":0,"k":[0,0]},"s":{"a":0,"k":[100,100]},"r":{"a":0,"k":0},"o":{"a":0,"k":100},"sk":{"a":0,"k":0},"sa":{"a":0,"k":0},"nm":"Transform"}],"nm":"Group 12","bm":0,"hd":false},{"ty":"gr","it":[{"ind":0,"ty":"sh","ks":{"a":0,"k":{"i":[[0,0],[0,0]],"o":[[0,0],[0,0]],"v":[[111.016,3.305],[111.016,52.397]],"c":false}},"nm":"Path 1","hd":false},{"ty":"st","c":{"a":0,"k":[0.20000001496,0.20000001496,0.20000001496,1]},"o":{"a":0,"k":100},"w":{"a":0,"k":1},"lc":2,"lj":1,"ml":4,"bm":0,"nm":"Stroke 1","hd":false},{"ty":"tr","p":{"a":0,"k":[0,0]},"a":{"a":0,"k":[0,0]},"s":{"a":0,"k":[100,100]},"r":{"a":0,"k":0},"o":{"a":0,"k":100},"sk":{"a":0,"k":0},"sa":{"a":0,"k":0},"nm":"Transform"}],"nm":"Group 13","bm":0,"hd":false},{"ty":"gr","it":[{"ind":0,"ty":"sh","ks":{"a":0,"k":{"i":[[0,0],[0,0]],"o":[[0,0],[0,0]],"v":[[6.137,-10.783],[-6.137,10.783]],"c":false}},"nm":"Path 1","hd":false},{"ty":"st","c":{"a":0,"k":[0.20000001496,0.20000001496,0.20000001496,1]},"o":{"a":0,"k":100},"w":{"a":0,"k":1},"lc":2,"lj":1,"ml":4,"bm":0,"nm":"Stroke 1","hd":false},{"ty":"tr","p":{"a":0,"k":[55.086,63.706]},"a":{"a":0,"k":[0,0]},"s":{"a":0,"k":[100,100]},"r":{"a":0,"k":0},"o":{"a":0,"k":100},"sk":{"a":0,"k":0},"sa":{"a":0,"k":0},"nm":"Transform"}],"nm":"Group 14","bm":0,"hd":false},{"ty":"gr","it":[{"ind":0,"ty":"sh","ks":{"a":0,"k":{"i":[[0,0],[0,0],[0,0]],"o":[[0,0],[0,0],[0,0]],"v":[[-27.702,-12.01],[27.702,-6.751],[27.702,12.01]],"c":false}},"nm":"Path 1","hd":false},{"ty":"st","c":{"a":0,"k":[0.20000001496,0.20000001496,0.20000001496,1]},"o":{"a":0,"k":100},"w":{"a":0,"k":1},"lc":2,"lj":1,"ml":4,"bm":0,"nm":"Stroke 1","hd":false},{"ty":"tr","p":{"a":0,"k":[68.06,86.323]},"a":{"a":0,"k":[0,0]},"s":{"a":0,"k":[100,100]},"r":{"a":0,"k":0},"o":{"a":0,"k":100},"sk":{"a":0,"k":0},"sa":{"a":0,"k":0},"nm":"Transform"}],"nm":"Group 15","bm":0,"hd":false},{"ty":"gr","it":[{"ind":0,"ty":"sh","ks":{"a":0,"k":{"i":[[0,0],[0,0],[0,0],[0,0]],"o":[[0,0],[0,0],[0,0],[0,0]],"v":[[-10.958,-13.062],[-23.406,8.678],[23.407,13.062],[-10.958,5.874]],"c":true}},"nm":"Path 1","hd":false},{"ty":"fl","c":{"a":0,"k":[0.933333393172,0.933333393172,0.933333393172,1]},"o":{"a":0,"k":100},"r":1,"bm":0,"nm":"Fill 1","hd":false},{"ty":"tr","p":{"a":0,"k":[72.006,66.336]},"a":{"a":0,"k":[0,0]},"s":{"a":0,"k":[100,100]},"r":{"a":0,"k":0},"o":{"a":0,"k":100},"sk":{"a":0,"k":0},"sa":{"a":0,"k":0},"nm":"Transform"}],"nm":"Group 16","bm":0,"hd":false},{"ty":"gr","it":[{"ind":0,"ty":"sh","ks":{"a":0,"k":{"i":[[11.723,-3.313],[0,0],[0,0],[0,0],[0,0]],"o":[[0,0],[0,0],[0,0],[0,0],[-10.057,-6.875]],"v":[[-16.837,-5.373],[-17.533,-5.176],[-17.533,8.686],[17.533,8.686],[17.533,0.248]],"c":true}},"nm":"Path 1","hd":false},{"ty":"st","c":{"a":0,"k":[0.20000001496,0.20000001496,0.20000001496,1]},"o":{"a":0,"k":100},"w":{"a":0,"k":1},"lc":1,"lj":1,"ml":4,"bm":0,"nm":"Stroke 1","hd":false},{"ty":"tr","p":{"a":0,"k":[113.47,89.297]},"a":{"a":0,"k":[0,0]},"s":{"a":0,"k":[100,100]},"r":{"a":0,"k":0},"o":{"a":0,"k":100},"sk":{"a":0,"k":0},"sa":{"a":0,"k":0},"nm":"Transform"}],"nm":"Group 17","bm":0,"hd":false},{"ty":"gr","it":[{"ind":0,"ty":"sh","ks":{"a":0,"k":{"i":[[11.496,-2.835],[0,0],[0,0],[0,0],[0,0]],"o":[[0,0],[0,0],[0,0],[0,0],[-10.167,-6.065]],"v":[[-16.28,-4.786],[-17.533,-4.477],[-17.533,7.62],[17.533,7.62],[17.533,0.257]],"c":true}},"nm":"Path 1","hd":false},{"ty":"fl","c":{"a":0,"k":[1,0.898039275525,0.741176470588,1]},"o":{"a":0,"k":100},"r":1,"bm":0,"nm":"Fill 1","hd":false},{"ty":"tr","p":{"a":0,"k":[113.12,90.712]},"a":{"a":0,"k":[0,0]},"s":{"a":0,"k":[100,100]},"r":{"a":0,"k":0},"o":{"a":0,"k":100},"sk":{"a":0,"k":0},"sa":{"a":0,"k":0},"nm":"Transform"}],"nm":"Group 18","bm":0,"hd":false},{"ty":"gr","it":[{"ind":0,"ty":"sh","ks":{"a":0,"k":{"i":[[0,0],[0,0],[0,0],[0,0],[0,0],[0,0],[0,0],[0,0],[0,0],[-0.94,-9.035],[0,0],[10.521,0],[0,0],[1.932,7.343],[-2.414,3.899],[0,0],[-6.04,0]],"o":[[0,0],[0,0],[0,0],[0,0],[0,0],[0,0],[0,0],[0,0],[9.084,0],[0,0],[1.09,10.463],[0,0],[-7.593,0],[-1.167,-4.435],[0,0],[3.179,-5.135],[0,0]],"v":[[-3.707,-38.424],[-3.207,-38.424],[-3.207,-38.924],[-3.207,-48.242],[33.664,-48.242],[33.664,-38.924],[33.664,-38.424],[34.164,-38.424],[50.865,-38.424],[68.504,-22.523],[73.828,28.673],[56.189,48.242],[-57.587,48.242],[-73.751,35.781],[-71.798,22.727],[-39.05,-30.163],[-24.22,-38.424]],"c":true}},"nm":"Path 1","hd":false},{"ty":"st","c":{"a":0,"k":[0.20000001496,0.20000001496,0.20000001496,1]},"o":{"a":0,"k":100},"w":{"a":0,"k":1},"lc":1,"lj":1,"ml":4,"bm":0,"nm":"Stroke 1","hd":false},{"ty":"tr","p":{"a":0,"k":[87.021,49.242]},"a":{"a":0,"k":[0,0]},"s":{"a":0,"k":[100,100]},"r":{"a":0,"k":0},"o":{"a":0,"k":100},"sk":{"a":0,"k":0},"sa":{"a":0,"k":0},"nm":"Transform"}],"nm":"Group 19","bm":0,"hd":false},{"ty":"gr","it":[{"ind":0,"ty":"sh","ks":{"a":0,"k":{"i":[[0,0],[0,0],[0,0],[0,0],[0,0],[0,0],[0,0],[0,0],[0,0],[-0.94,-9.035],[0,0],[10.521,0],[0,0],[1.932,7.343],[-2.414,3.899],[0,0],[-6.04,0]],"o":[[0,0],[0,0],[0,0],[0,0],[0,0],[0,0],[0,0],[0,0],[9.084,0],[0,0],[1.09,10.463],[0,0],[-7.593,0],[-1.167,-4.435],[0,0],[3.179,-5.135],[0,0]],"v":[[-3.707,-38.424],[-3.207,-38.424],[-3.207,-38.924],[-3.207,-48.242],[33.664,-48.242],[33.664,-38.924],[33.664,-38.424],[34.164,-38.424],[50.865,-38.424],[68.504,-22.523],[73.828,28.673],[56.189,48.242],[-57.587,48.242],[-73.751,35.781],[-71.798,22.727],[-39.05,-30.163],[-24.22,-38.424]],"c":true}},"nm":"Path 1","hd":false},{"ty":"fl","c":{"a":0,"k":[1,1,1,1]},"o":{"a":0,"k":100},"r":1,"bm":0,"nm":"Fill 1","hd":false},{"ty":"tr","p":{"a":0,"k":[87.021,49.242]},"a":{"a":0,"k":[0,0]},"s":{"a":0,"k":[100,100]},"r":{"a":0,"k":0},"o":{"a":0,"k":100},"sk":{"a":0,"k":0},"sa":{"a":0,"k":0},"nm":"Transform"}],"nm":"Group 20","bm":0,"hd":false}],"ip":0,"op":149.000006068894,"st":0,"bm":0},{"ddd":0,"ind":10,"ty":4,"nm":"leer Outlines","sr":1,"ks":{"o":{"a":0,"k":100},"r":{"a":1,"k":[{"i":{"x":[0.238],"y":[1]},"o":{"x":[0.333],"y":[0]},"t":0,"s":[0]},{"i":{"x":[0.303],"y":[1]},"o":{"x":[0.333],"y":[0]},"t":17,"s":[14]},{"t":37.0000015070409,"s":[0]}]},"p":{"a":0,"k":[121.043,78.348,0]},"a":{"a":0,"k":[12.983,8.141,0]},"s":{"a":0,"k":[100,100,100]}},"ao":0,"shapes":[{"ty":"gr","it":[{"ind":0,"ty":"sh","ks":{"a":0,"k":{"i":[[0,0],[0,0],[0,0],[0,0]],"o":[[0,0],[0,0],[0,0],[0,0]],"v":[[-11.167,-7.434],[11.167,-7.434],[11.167,7.434],[-11.167,7.434]],"c":true}},"nm":"Path 1","hd":false},{"ty":"st","c":{"a":0,"k":[0.20000001496,0.20000001496,0.20000001496,1]},"o":{"a":0,"k":100},"w":{"a":0,"k":1},"lc":1,"lj":1,"ml":4,"bm":0,"nm":"Stroke 1","hd":false},{"ty":"tr","p":{"a":0,"k":[11.874,8.141]},"a":{"a":0,"k":[0,0]},"s":{"a":0,"k":[100,100]},"r":{"a":0,"k":0},"o":{"a":0,"k":100},"sk":{"a":0,"k":0},"sa":{"a":0,"k":0},"nm":"Transform"}],"nm":"Group 1","bm":0,"hd":false},{"ty":"gr","it":[{"ind":0,"ty":"sh","ks":{"a":0,"k":{"i":[[0,0],[0,0],[0,0],[0,0]],"o":[[0,0],[0,0],[0,0],[0,0]],"v":[[-11.747,-6.663],[11.747,-6.663],[11.747,6.663],[-11.747,6.663]],"c":true}},"nm":"Path 1","hd":false},{"ty":"fl","c":{"a":0,"k":[1,0.898039275525,0.741176470588,1]},"o":{"a":0,"k":100},"r":1,"bm":0,"nm":"Fill 1","hd":false},{"ty":"tr","p":{"a":0,"k":[13.969,8.97]},"a":{"a":0,"k":[0,0]},"s":{"a":0,"k":[100,100]},"r":{"a":0,"k":0},"o":{"a":0,"k":100},"sk":{"a":0,"k":0},"sa":{"a":0,"k":0},"nm":"Transform"}],"nm":"Group 2","bm":0,"hd":false}],"ip":0,"op":149.000006068894,"st":0,"bm":0},{"ddd":0,"ind":11,"ty":4,"nm":"bg Outlines","sr":1,"ks":{"o":{"a":0,"k":30},"r":{"a":0,"k":0},"p":{"a":0,"k":[131,103,0]},"a":{"a":0,"k":[126,76.5,0]},"s":{"a":0,"k":[100,100,100]}},"ao":0,"shapes":[{"ty":"gr","it":[{"ind":0,"ty":"sh","ks":{"a":0,"k":{"i":[[2.599,0.112],[0,0],[-30.889,19.538],[7.723,41.345],[-27.285,-11.514],[-51.137,17.27],[0,-28.96],[-16.841,-0.726],[0,0]],"o":[[0,0],[-12.356,0],[30.888,-19.54],[-7.722,-41.346],[27.285,11.514],[51.138,-17.271],[0,20.069],[0,0],[-2.142,0.102]],"v":[[118.831,76.42],[-114.417,76.42],[-105.15,30.191],[-85.416,-36.8],[-29.301,-70.993],[52.21,-36.8],[77.951,49.729],[118.831,76.42],[126,76.42]],"c":true}},"nm":"Path 1","hd":false},{"ty":"fl","c":{"a":0,"k":[0.431372578939,0.756862804936,0.286274509804,1]},"o":{"a":0,"k":100},"r":1,"bm":0,"nm":"Fill 1","hd":false},{"ty":"tr","p":{"a":0,"k":[126,76.5]},"a":{"a":0,"k":[0,0]},"s":{"a":0,"k":[100,100]},"r":{"a":0,"k":0},"o":{"a":0,"k":100},"sk":{"a":0,"k":0},"sa":{"a":0,"k":0},"nm":"Transform"}],"nm":"Group 1","bm":0,"hd":false}],"ip":0,"op":149.000006068894,"st":0,"bm":0}],"markers":[]}